{
	"format_version": "1.12.0",
	"minecraft:geometry": [
		{
			"description": {
				"identifier": "geometry.copper_golem.flower",
				"texture_width": 64,
				"texture_height": 64,
				"visible_bounds_width": 2,
				"visible_bounds_height": 3.5,
				"visible_bounds_offset": [0, 1.25, 0]
			},
			"bones": [
				{
					"name": "root",
					"pivot": [1, 0, 0]
				},
				{
					"name": "body",
					"parent": "root",
					"pivot": [0, 5, 0]
				},
				{
					"name": "head",
					"parent": "body",
					"pivot": [0, 11, 0]
				},
				{
					"name": "flower",
					"parent": "head",
					"pivot": [0, 11, 0],
					"cubes": [
						{"origin": [-2, 24, -2], "size": [4, 11, 4], "uv": [44, 32]},
						{"origin": [-2, 24, -2], "size": [4, 8, 4], "inflate": -0.1, "uv": [2, 39]},
						{"origin": [-1, 35, -1], "size": [2, 1, 2], "uv": [34, 37]},
						{"origin": [-2, 36, -2], "size": [4, 3, 4], "uv": [20, 40]}
					]
				}
			]
		},
		{
			"description": {
				"identifier": "geometry.copper_golem",
				"texture_width": 64,
				"texture_height": 64,
				"visible_bounds_width": 2,
				"visible_bounds_height": 3.5,
				"visible_bounds_offset": [0, 1.25, 0]
			},
			"bones": [
				{
					"name": "root",
					"pivot": [1, 0, 0]
				},
				{
					"name": "body",
					"parent": "root",
					"pivot": [0, 5, 0],
					"cubes": [
						{"origin": [-4, 5, -3], "size": [8, 6, 6], "uv": [0, 15]}
					],
					"locators": {
						"lead_hold": [0, 33, 4],
						"lead": [0, 11, 0]
					}
				},
				{
					"name": "head",
					"parent": "body",
					"pivot": [0, 11, 0],
					"cubes": [
						{"origin": [-4, 11, -5], "size": [8, 5, 10], "uv": [0, 0]},
						{"origin": [-1, 16, -1], "size": [2, 4, 2], "inflate": -0.01, "uv": [37, 8]},
						{"origin": [-2, 20, -2], "size": [4, 4, 4], "inflate": -0.01, "uv": [37, 0]}
					]
				},
				{
					"name": "right_arm",
					"parent": "body",
					"pivot": [-4, 11, 0],
					"cubes": [
						{"origin": [-7, 2, -2], "size": [3, 10, 4], "uv": [36, 16]}
					]
				},
				{
					"name": "rightItem",
					"parent": "right_arm",
					"pivot": [-5, 3.6, -1]
				},
				{
					"name": "left_arm",
					"parent": "body",
					"pivot": [4, 11, 0],
					"cubes": [
						{"origin": [4, 2, -2], "size": [3, 10, 4], "uv": [50, 16]}
					]
				},
				{
					"name": "right_leg",
					"parent": "root",
					"pivot": [-2, 5, 0],
					"cubes": [
						{"origin": [-3.9, 0, -1.99], "size": [4, 5, 4], "uv": [0, 27]}
					]
				},
				{
					"name": "left_leg",
					"parent": "root",
					"pivot": [2, 5, 0],
					"cubes": [
						{"origin": [-0.1, 0, -2], "size": [4, 5, 4], "uv": [16, 27]}
					]
				}
			]
		}
	]
}