{
  "probe_regen": {
    "far_plane_scaling": 1.0,
    "texture_format": "R16G16B16A16_FLOAT",
    "regen_triggers": {
      "frames_delta": 600,
      "gametime_delta": 100,
      "distance_delta": 500.0,
      "sky_brightness_delta": 3.0,
      "block_brightness_delta": 16.0
    }
  },
  "ibl": {
    "num_samples": 0,
    "dimension": 0,
    "convolution_type": "mip_chain"
  },
  "ssr_enabled": true,
  "ssr": {
    "enable_gap_fill": false,
    "linear_search_step_count": 400,
    "binary_search_step_count": 0,
    "ray_step_length": 1,
    "fading_power_horizontal": 0,
    "fading_power_vertical": 0,
    "roughness_cutoff": 0.1,
    "thickness": 0,
    "fading_distance": 1,
    "roughness_fade_start": 0,
    "ssr_scale": 0.5
  }
}
