{
  "probe_regen": {
    "far_plane_scaling": 0.5,
    "texture_format": "R16G16B16A16_FLOAT",
    "regen_triggers": {
      "frames_delta": 10,
      "gametime_delta": 10,
      "distance_delta": 10,
      "sky_brightness_delta": 3.0,
      "block_brightness_delta": 16.0
    }
  },
  "ibl": {
    "num_samples": 0,
    "dimension": 0,
    "convolution_type": "importance_sampled"
  },
  "ssr_enabled": true,
  "ssr": {
    "enable_gap_fill": true,
    "linear_search_step_count": 1800,
    "binary_search_step_count": 0,
    "ray_step_length": 1,
    "fading_distance": 1,
    "roughness_cutoff": 0.1,
    "roughness_fade_start": 0,
    "thickness": 0,
    "ssr_scale": 1
  }
}
