{
  "format_version": "1.21.70",
  "minecraft:client_biome": {
    "description": {
      "identifier": "deep_ocean"
    },
    "components": {
      "minecraft:fog_appearance": {
        "fog_identifier": "minecraft:fog_deep_ocean"
      },
      "minecraft:water_identifier": {
      "water_identifier": "vedapack:gelombang_laut"
    },
    "minecraft:atmosphere_identifier": {
        "atmosphere_identifier": "vedapack:raiden_atmosperics"
      },
      "minecraft:color_grading_identifier": {
        "color_grading_identifier": "vedapack:raiden_color_grading"
      },
      "minecraft:lighting_identifier": {
        "lighting_identifier": "vedapack:raiden_lighting"
      },
      "minecraft:water_appearance": {
        "surface_color": "#1787D4"
      }
    }
  }
}
