{
  "format_version": "1.21.70",
  "minecraft:client_biome": {
    "description": {
      "identifier": "desert"
    },
    "components": {
      "minecraft:fog_appearance": {
        "fog_identifier": "kabut:pasir"
      },
      "minecraft:lighting_identifier": {
        "lighting_identifier": "vedapack:panas_raiden_lighting"
      },
      "minecraft:color_grading_identifier": {
        "color_grading_identifier": "vedapack:raiden_adem_color_grading"
      },
      "minecraft:water_identifier": {
      "water_identifier": "vedapack:air_tenang"
    },
      "minecraft:water_appearance": {
        "surface_color": "#32A598"
      }
    }
  }
}
