{
  "format_version": "1.21.70",
  "minecraft:client_biome": {
    "description": {
      "identifier": "extreme_hills_plus_trees"
    },
    "components": {
      "minecraft:fog_appearance": {
        "fog_identifier": "minecraft:fog_extreme_hills_plus_trees"
      },
      "minecraft:water_appearance": {
        "surface_color": "#0E63AB"
      },
      "minecraft:atmosphere_identifier": {
        "atmosphere_identifier": "vedapack:raiden_atmosperics"
      },
      "minecraft:color_grading_identifier": {
        "color_grading_identifier": "vedapack:raiden_sejuk_color_grading"
      },
      "minecraft:lighting_identifier": {
        "lighting_identifier": "vedapack:raiden_lighting"
      },
      "minecraft:water_identifier": {
        "water_identifier": "vedapack:gelombang_air"
      }
    }
  }
}
