{
  "format_version": "1.21.70",
  "minecraft:client_biome": {
    "description": {
      "identifier": "frozen_peaks"
    },
    "components": {
      "minecraft:fog_appearance": {
        "fog_identifier": "minecraft:fog_default"
      },
      "minecraft:color_grading_identifier": {
        "color_grading_identifier": "vedapack:raiden_sheesh_color_grading"
      },
      "minecraft:water_appearance": {
        "surface_color": "#44AFF5"
      },
      "minecraft:biome_music": {
        "music_definition": "frozen_peaks"
      }
    }
  }
}
