{
  "format_version": "1.21.70",
  "minecraft:client_biome": {
    "description": {
      "identifier": "mangrove_swamp"
    },
    "components": {
      "minecraft:fog_appearance": {
        "fog_identifier": "minecraft:fog_mangrove_swamp"
      },
      "minecraft:water_appearance": {
        "surface_color": "#3a7a6a"
      },
      "minecraft:foliage_appearance": {
        "color": {
          "color_map": "mangrove_swamp_foliage"
        }
      },
      "minecraft:grass_appearance": {
        "color": {
          "color_map": "swamp_grass"
        }
      },
      "minecraft:dry_foliage_color": {
        "color": "#7B5334"
      },
	  "minecraft:atmosphere_identifier": {
        "atmosphere_identifier": "minecraft:mangrove_swamp_atmospherics"
      },
      "minecraft:color_grading_identifier": {
        "color_grading_identifier": "vedapack:rawamutasi_raiden_color_grading"
      },
      "minecraft:lighting_identifier": {
        "lighting_identifier": "minecraft:mangrove_swamp_lighting"
      },
      "minecraft:biome_music": {
        "music_definition": "mangrove_swamp"
      }
    }
  }
}
