{
  "format_version": "1.21.70",
  "minecraft:client_biome": {
    "description": {
      "identifier": "mesa_bryce"
    },
    "components": {
      "minecraft:fog_appearance": {
        "fog_identifier": "minecraft:fog_mesa_bryce"
      },
      "minecraft:water_appearance": {
        "surface_color": "#497F99"
      },
      "minecraft:foliage_appearance": {
        "color": "#aea42a"
      },
      "minecraft:grass_appearance": {
        "color": "#90814d"
      },
      "minecraft:atmosphere_identifier": {
        "atmosphere_identifier": "vedapack:mesa_raiden_atmosperics"
      },
      "minecraft:color_grading_identifier": {
        "color_grading_identifier": "vedapack:mesa_raiden_color_grading"
      },
      "minecraft:lighting_identifier": {
        "lighting_identifier": "vedapack:mesa_raiden_lighting"
      },
      "minecraft:water_identifier": {
        "water_identifier": "vedapack:air_tenang"
      }
    }
  }
}
