{
  "format_version": "1.21.70",
  "minecraft:client_biome": {
    "description": {
      "identifier": "mushroom_island_shore"
    },
    "components": {
      "minecraft:fog_appearance": {
        "fog_identifier": "kabut:jamur"
      },
      "minecraft:atmosphere_identifier": {
        "atmosphere_identifier": "vedapack:jamur_raiden_atmosperics"
      },
      "minecraft:color_grading_identifier": {
        "color_grading_identifier": "vedapack:jamur_raiden_color_grading"
      },
      "minecraft:lighting_identifier": {
        "lighting_identifier": "vedapack:jamur_raiden_lighting"
      },
      "minecraft:water_identifier": {
      "water_identifier": "vedapack:gelombang_air"
    },
      "minecraft:water_appearance": {
        "surface_color": "#818193"
      }
    }
  }
}
