{
  "format_version": "1.21.70",
  "minecraft:client_biome": {
    "description": {
      "identifier": "soulsand_valley"
    },
    "components": {
      "minecraft:fog_appearance": {
        "fog_identifier": "kabut:jawa"
      },
      "minecraft:water_appearance": {
        "surface_color": "#905957"
      },
      "minecraft:ambient_sounds": {
        "addition": "ambient.soulsand_valley.additions",
        "loop": "ambient.soulsand_valley.loop",
        "mood": "ambient.soulsand_valley.mood"
      },
      "minecraft:biome_music": {
        "music_definition": "soulsand_valley"
      },
       "minecraft:atmosphere_identifier": {
        "atmosphere_identifier": "vedapack:neder_raiden_atmosperics"
      },
      "minecraft:color_grading_identifier": {
        "color_grading_identifier": "vedapack:raiden_color_grading"
      },
      "minecraft:lighting_identifier": {
        "lighting_identifier": "vedapack:neder_raiden_lighting"
      },
      "minecraft:water_identifier": {
        "water_identifier": "vedapack:gelombang_air"
      }
    }
  }
}
