{
  "format_version": "1.21.70",
  "minecraft:client_biome": {
    "description": {
      "identifier": "the_end"
    },
    "components": {
      "minecraft:sky_color": {
        "sky_color": "#000000"
      },
      "minecraft:fog_appearance": {
        "fog_identifier": "minecraft:fog_the_end"
      },
      "minecraft:water_appearance": {
        "surface_color": "#62529e"
      },
      "minecraft:atmosphere_identifier": {
        "atmosphere_identifier": "vedapack:end_raiden_atmosperics"
      },
      "minecraft:color_grading_identifier": {
        "color_grading_identifier": "vedapack:raiden_color_grading"
      },
      "minecraft:lighting_identifier": {
        "lighting_identifier": "vedapack:end_raiden_lighting"
      },
      "minecraft:water_identifier": {
        "water_identifier": "vedapack:gelombang_air"
      }
    }
  }
}
