{"animation_controllers":{"controller.animation.third_person_utility":{"initial_state":"default","states":{"default":{"animations":["health",{"armor_root":"query.equipment_count > 0 || query.get_equipped_item_name == 'bow' || query.is_item_equipped(1)"},{"offhand":"query.is_item_equipped(1)"},{"offhand_shield":"query.get_equipped_item_name(1) == 'shield'"},{"bow_root":"query.get_equipped_item_name == 'bow'"}]}}}},"format_version":"1.10.0"}unt > 0" },
          	{ "offhand": "query.is_item_equipped(1)" },
            { "offhand_shield": "query.get_equipped_item_name(1) == 'shield'" },
            { "bow_root": "query.get_equipped_item_name == 'bow'" },
            { "chunk_border": "variable.this && query.is_item_equipped(1) && query.get_equipped_item_name(1) != 'shield'" }
          ]
        }
      }
    }
  }
}