{
  "cascade_bias": [ 0.00075, 0.00150, 0.00275, 0.00300 ],
  "cascade_slope_bias": [ 0.00042, 0.00042, 0.00042, 0.00042 ],
    "cascade_resolution": [ 2048, 2048, 1024, 1024 ],
    "cascade_light_quantization_steps": [ 1800, 900, 900, 900 ],
    "num_cascade_levels": 1,
    "num_variable_cascade_levels": 1,
    "shadow_range": {
      "near": 0.025,
      "far": 256.0
    },
    "max_shadow_distance": 128.0,
    "cascade_range": [ 0.1666, 0.3333, 0.5, 1.0 ],
    "cascade_pcf_width": [ 0.0001, 0.0001, 0.0001, 0.0001 ],
    "shadow_clamp_angle": 30,
    "cloud_shadow_contribution": 0.5,
    "cloud_shadow_pcf_width": 8.0,
    "cloud_shadow_quantization_steps": 7200,
    "sun_shadows": true,
    "moon_shadows": true,
    "cloud_shadows": true
}