{
	"format_version": "1.16.0",
	"animations": {
		"animation.lentera.ptp": {
			"loop": true,
			"animation_length": 2,
			"bones": {
				"bone4": {
					"rotation": [0, -90, 0],
					"position": [-1.5, 0, 1.5]
				},
				"rantai": {
					"rotation": [0, -45, 0],
					"position": [-1.5, 9, 3],
					"scale": 0.75
				},
				"tutup": {
					"position": [-1, 7, 1],
					"scale": [4, 1, 4]
				},
				"lentera": {
					"rotation": [15, 0, 0],
					"position": [2, 11, 0]
				},
				"animasi1": {
					"scale": {
						"0.0": [0, 0, 0],
						"0.5": {"pre": [0, 0, 0], "post": [1, 1.005, 1]},
						"1.0": {"pre": [1, 1.005, 1], "post": [0, 0, 0]},
						"1.5": {"pre": [0, 0, 0], "post": [1, 1.005, 1]},
						"2.0": [1, 1.005, 1]
					}
				},
				"animasi2": {
					"scale": {
						"0.0": [0, 0, 0],
						"1.0": {"pre": [0, 0, 0], "post": [1, 1.005, 1]},
						"1.5": {"pre": [1, 1.005, 1], "post": [0, 0, 0]}
					}
				},
				"animasi0": {
					"scale": {
						"0.0": [1, 1.005, 1],
						"0.5": {"pre": [1, 1.005, 1], "post": [0, 0, 0]}
					}
				},
				"tutupanim2": {
					"position": [-0.5, 2.98, 0.5],
					"scale": [4, 1, 4]
				},
				"tutupanim0": {
					"position": [-0.5, 2.98, 0.5],
					"scale": [4, 1, 4]
				},
				"tutupanim1": {
					"position": [-0.5, 2.98, 0.5],
					"scale": [4, 1, 4]
				}
			}
		},
		"animation.lentera.pov": {
			"loop": true,
			"animation_length": 2,
			"bones": {
				"lentera": {
					"rotation": ["c.item_slot== 'off_hand' ? -1.0 : 31.0", "c.item_slot== 'off_hand' ? 62.0 : 18.0", "c.item_slot== 'off_hand' ? -1.0 : -120.0"],
					"position": ["c.item_slot== 'off_hand' ? -27.3 : 7", "c.item_slot== 'off_hand' ? 12.4 : 20.0", "c.item_slot== 'off_hand' ? 22.4 : 3"]
				},
				"tutup": {
					"position": [-1, 7, 1],
					"scale": [4, 1, 4]
				},
				"rantai": {
					"rotation": [0, -45, 0],
					"position": [-1.5, 9, 3],
					"scale": 0.75
				},
				"bone4": {
					"rotation": [0, -90, 0],
					"position": [-1.5, 0, 1.5]
				},
				"animasi1": {
					"scale": {
						"0.0": [0, 0, 0],
						"0.5": {
							"pre": [0, 0, 0],
							"post": [1, 1.005, 1]
						},
						"1.0": {
							"pre": [1, 1.005, 1],
							"post": [0, 0, 0]
						},
						"1.5": {
							"pre": [0, 0, 0],
							"post": [1, 1.005, 1]
						},
						"2.0": {
							"pre": [1, 1.005, 1],
							"post": [1, 1.005, 1]
						}
					}
				},
				"animasi2": {
					"scale": {
						"0.0": [0, 0, 0],
						"1.0": {
							"pre": [0, 0, 0],
							"post": [1, 1.005, 1]
						},
						"1.5": {
							"pre": [1, 1.005, 1],
							"post": [0, 0, 0]
						}
					}
				},
				"animasi0": {
					"scale": {
						"0.0": [1, 1.005, 1],
						"0.5": {
							"pre": [1, 1.005, 1],
							"post": [0, 0, 0]
						}
					}
				},
				"tutupanim2": {
					"position": [-0.5, 2.98, 0.5],
					"scale": [4, 1, 4]
				},
				"tutupanim0": {
					"position": [-0.5, 2.98, 0.5],
					"scale": [4, 1, 4]
				},
				"tutupanim1": {
					"position": [-0.5, 2.98, 0.5],
					"scale": [4, 1, 4]
				}
			}
		}
	}
}