{
    "format_version": "1.16.100",
    "minecraft:fog_settings": {
    "description": {
    "identifier": "kabut:rimba"
     },
     "distance": {
        "air": {
        "fog_start": 0.25,
            "fog_end": 1,
                "fog_color": "#2A6B09",
                "render_distance_type": "render"
                }
                },
                "volumetric": {
                "density": {
                "air": {
                "max_density": 0.07,
                 "zero_density_height": 320.0,
                 "max_density_height": 320.0
                }
                },
                "media_coefficients": {
                "air": {
                 "scattering": [ 0, 0.02, 0 ],
                 "absorption": [ 0.002, 0, 0.002 ]
                }
            }
        }
    }
}