{
  "format_version": "1.16.100",
  "minecraft:fog_settings": {
    "description": {
      "identifier": "pbr:intense_fog"
    },
    "volumetric": {
      "density": {
        "air": { // Copy dari Setingan Customan Render Graphic mine imator gw.
          "max_density": 0.2,
          "zero_density_height": 99,
          "max_density_height": 64,
          "uniform": false
        },
        "water": { //Ketika didalam air
          "max_density": 0.3,
          "uniform": true //kalau mau dipisah mending false aja.
        }
      },
      "media_coefficients": {
        "air": {
          "scattering": [ //Penyebaran
            0.0275,
            0.0275,
            0.0275
          ],
          "absorption": [ //Penyerapan
            0,
            0,
            0
          ]
        },
        "cloud": {
          "scattering": [0.01, 0.01, 0.01],
          "absorption": [
            0.003,
            0.003,
            0.003
          ]
        }
      }
    }
  }
}