{
		"format_version": "1.16.100",
		"minecraft:fog_settings": {
	"description": {
			"identifier": "kabut:crimson"
	},
	"volumetric": {
		"density": {
				"air": { 
						"max_density": 1, 
						"zero_density_height": 150.0, 
				  "max_density_height": 50.0,
						"uniform": false
				},
				"water": {
						"max_density": 0,
						"uniform": true
	}
				},
				"media_coefficients": {
				"water": { 
						"scattering": [0, 0, 0], 
						"absorption": [0, 0, 0]
				},
				"air": { 
						"scattering": [ 0.01, 0.002, 0.002 ],
						"absorption": [ 0, 0, 0 ]
				}
			}
		}
		}
}
