{
  "format_version": "1.16.100",
  "minecraft:fog_settings": {
    "description": {
      "identifier": "kabut:seram"
    },
    "distance": {
      "water": {
        "fog_start": 0.0,
        "fog_end": 60.0,
        "fog_color": "#556980",
        "render_distance_type": "fixed",
        "transition_fog": {
          "init_fog": {
            "fog_start": 0.0,
            "fog_end": 0.01,
            "fog_color": "#556980",
            "render_distance_type": "fixed"
          },
          "min_percent": 0.25,
          "mid_seconds": 5,
          "mid_percent": 0.6,
          "max_seconds": 30
        }
      }
    },
    "volumetric": {
                "density": {
                "air": {
                 "max_density": 0.75,
                 "max_density_height": 130,
                 "zero_density_height": 220,
                 "uniform": false
                }
                },
                "media_coefficients": {
                "air": {
                 "scattering": [ 0.05, 0.076, 0.1 ],
                 "absorption": [ 0.005, 0.007, 0.01 ]
                }
            }
        }
  }
}
