{
  "format_version": "1.21.70",
  "minecraft:client_biome": {
    "description": {
      "identifier": "basalt_deltas"
    },
    "components": {
      "minecraft:fog_appearance": {
        "fog_identifier": "minecraft:fog_basalt_deltas"
      },
      "minecraft:water_appearance": {
        "surface_color": "#3f76e4"
      },
      "minecraft:ambient_sounds": {
        "addition": "ambient.basalt_deltas.additions",
        "loop": "ambient.basalt_deltas.loop",
        "mood": "ambient.basalt_deltas.mood"
      },
      "minecraft:biome_music": {
        "music_definition": "basalt_deltas"
      },
       "minecraft:atmosphere_identifier": {
        "atmosphere_identifier": "vedapack:neder_raiden_atmosperics"
      },
      "minecraft:color_grading_identifier": {
        "color_grading_identifier": "vedapack:raiden_nether_color_grading"
      },
      "minecraft:lighting_identifier": {
        "lighting_identifier": "vedapack:neder_raiden_lighting"
      },
      "minecraft:water_identifier": {
        "water_identifier": "vedapack:gelombang_air"
      }
    }
  }
}
