{
  "format_version": "1.21.70",
  "minecraft:client_biome": {
    "description": {
      "identifier": "crimson_forest"
    },
    "components": {
      "minecraft:fog_appearance": {
        "fog_identifier": "kabut:crimson"
      },
      "minecraft:water_appearance": {
        "surface_color": "#905957"
      },
      "minecraft:ambient_sounds": {
        "addition": "ambient.crimson_forest.additions",
        "loop": "ambient.crimson_forest.loop",
        "mood": "ambient.crimson_forest.mood"
      },
      "minecraft:biome_music": {
        "music_definition": "crimson_forest"
      },
      "minecraft:atmosphere_identifier": {
        "atmosphere_identifier": "vedapack:crimson_raiden_atmosperics"
      },
      "minecraft:color_grading_identifier": {
        "color_grading_identifier": "vedapack:raiden_nether_color_grading"
      },
      "minecraft:lighting_identifier": {
        "lighting_identifier": "vedapack:neder_raiden_lighting"
      },
      "minecraft:water_identifier": {
        "water_identifier": "vedapack:air"
      }
    }
  }
}
