{
  "format_version": "1.21.70",
  "minecraft:client_biome": {
    "description": {
      "identifier": "pale_garden"
    },
    "components": {
      "minecraft:sky_color": {
        "sky_color": "#b9b9b9"
      },
      "minecraft:fog_appearance": {
        "fog_identifier": "kabut:seram"
      },
      "minecraft:water_appearance": {
        "surface_color": "#76889D"
      },
      "minecraft:biome_music": {
        "volume_multiplier": 0
      },
      "minecraft:foliage_appearance": {
        "color": "#878d76"
      },
      "minecraft:grass_appearance": {
        "color": "#778272"
      },
      "minecraft:atmosphere_identifier": {
        "atmosphere_identifier": "vedapack:pale_raiden_atmosperics"
      },
      "minecraft:color_grading_identifier": {
        "color_grading_identifier": "vedapack:raiden_pale_color_grading"//Mengurangi saturasi warna menjadi lebih hampa
      },
      "minecraft:lighting_identifier": {
        "lighting_identifier": "vedapack:pale_raiden_lighting"
      },
      "minecraft:water_identifier": {
        "water_identifier": "minecraft:default_water"
      }
    }
  }
}
