{
    "format_version": "1.16.100",
    "minecraft:fog_settings": {
    "description": {
    "identifier": "kabut:cherry"
     },
     "distance": {
        "air": {
        "fog_start": 0.9,
            "fog_end": 1,
                "fog_color": "#eb67ab",
                "render_distance_type": "render"
                }
                },
                "volumetric": {
                "density": {
                "air": {
                 "max_density": 1,
                 "max_density_height": 130,
                 "zero_density_height": 220,
                 "uniform": false
                }
                },
                "media_coefficients": {
                "air": {
                 "scattering": [ 0.2, 0.025, 0.01 ],
                 "absorption": [ 0.01, 0.005, 0.001 ]
                }
            }
        }
    }
}