{"format_version":"1.12.0","minecraft:geometry":[{"bones":[{"name":"all","pivot":[0,0,0]},{"cubes":[{"origin":[-9,13,-4],"size":[18,21,11],"uv":{"down":{"uv":[29,37],"uv_size":[18,-11]},"east":{"uv":[0,37],"uv_size":[11,21]},"north":{"uv":[11,37],"uv_size":[18,21]},"south":{"uv":[40,37],"uv_size":[18,21]},"up":{"uv":[11,26],"uv_size":[18,11]},"west":{"uv":[29,37],"uv_size":[11,21]}}}],"name":"body","parent":"all","pivot":[0,21,0]},{"cubes":[{"origin":[-8,34,-5],"size":[16,16,10],"uv":{"down":{"uv":[26,10],"uv_size":[16,-10]},"east":{"uv":[0,10],"uv_size":[10,16]},"north":{"uv":[10,10],"uv_size":[16,16]},"south":{"uv":[26,10],"uv_size":[16,16]},"up":{"uv":[10,0],"uv_size":[16,10]},"west":{"uv":[42,10],"uv_size":[10,16]}}}],"name":"head","parent":"body","pivot":[0,34,0]},{"cubes":[{"origin":[-24,43,0],"size":[16,16,0],"uv":{"down":{"uv":[87,64],"uv_size":[0,0]},"east":{"uv":[75,64],"uv_size":[0,0]},"north":{"uv":[122,45],"uv_size":[0,0]},"south":{"uv":[106,40],"uv_size":[16,16]},"up":{"uv":[79,64],"uv_size":[0,0]},"west":{"uv":[83,64],"uv_size":[0,0]}}}],"name":"right_ear","parent":"head","pivot":[-8,46,0]},{"cubes":[{"origin":[8,43,0],"size":[16,16,0],"uv":{"down":{"uv":[74,0],"uv_size":[0,0]},"east":{"uv":[58,0],"uv_size":[0,0]},"north":{"uv":[106,40],"uv_size":[16,16]},"south":{"uv":[128,64],"uv_size":[0,0]},"up":{"uv":[75,0],"uv_size":[-1,0]},"west":{"uv":[74,0],"uv_size":[0,0]}}}],"name":"left_ear","parent":"head","pivot":[8,46,0]},{"cubes":[{"origin":[-17,6,-3],"size":[8,28,8],"uv":{"down":{"uv":[100,9],"uv_size":[8,-8]},"east":{"uv":[84,8],"uv_size":[8,28]},"north":{"uv":[92,8],"uv_size":[8,28]},"south":{"uv":[108,8],"uv_size":[8,28]},"up":{"uv":[92,0],"uv_size":[8,8]},"west":{"uv":[100,8],"uv_size":[8,28]}}}],"name":"right_arm","parent":"body","pivot":[-13,34,1]},{"cubes":[{"origin":[9,6,-3],"size":[8,28,8],"uv":{"down":{"uv":[68,8],"uv_size":[8,-8]},"east":{"uv":[52,8],"uv_size":[8,28]},"north":{"uv":[60,8],"uv_size":[8,28]},"south":{"uv":[76,8],"uv_size":[8,28]},"up":{"uv":[60,0],"uv_size":[8,8]},"west":{"uv":[68,8],"uv_size":[8,28]}}}],"name":"left_arm","parent":"body","pivot":[13,34,1]},{"cubes":[{"origin":[-9,0,-3],"size":[6,13,6],"uv":{"down":{"uv":[70,42],"uv_size":[6,-6]},"east":{"uv":[58,42],"uv_size":[6,13]},"north":{"uv":[64,42],"uv_size":[6,13]},"south":{"uv":[76,42],"uv_size":[6,13]},"up":{"uv":[64,36],"uv_size":[6,6]},"west":{"uv":[70,42],"uv_size":[6,13]}}}],"name":"right_leg","parent":"all","pivot":[-5.9,13,0]},{"cubes":[{"origin":[3,0,-3],"size":[6,13,6],"uv":{"down":{"uv":[94,42],"uv_size":[6,-6]},"east":{"uv":[82,42],"uv_size":[6,13]},"north":{"uv":[88,42],"uv_size":[6,13]},"south":{"uv":[100,42],"uv_size":[6,13]},"up":{"uv":[88,36],"uv_size":[6,6]},"west":{"uv":[94,42],"uv_size":[6,13]}}}],"name":"left_leg","parent":"all","pivot":[5.9,13,0]}],"description":{"identifier":"geometry.warden","texture_height":64,"texture_width":128,"visible_bounds_height":6,"visible_bounds_offset":[0,2,0],"visible_bounds_width":4}}]}