{"format_version":"1.8.0","geometry.skeleton.wither":{"bones":[{"cubes":[{"origin":[-4,12,-2],"size":[8,12,4],"uv":[16,16]}],"name":"body","parent":"waist","pivot":[0,24,0]},{"name":"waist","pivot":[0,12,0]},{"cubes":[{"origin":[-4,24,-4],"size":[8,8,8],"uv":[0,0]}],"name":"head","pivot":[0,24,0]},{"cubes":[{"inflate":0.5,"origin":[-4,24,-4],"size":[8,8,8],"uv":[32,0]}],"name":"hat","neverRender":false,"pivot":[0,24,0]},{"cubes":[{"origin":[-6,12,-1],"size":[2,12,2],"uv":[40,16]}],"name":"rightArm","pivot":[-5,22,0]},{"cubes":[{"origin":[4,12,-1],"size":[2,12,2],"uv":[40,16]}],"mirror":true,"name":"leftArm","pivot":[5,22,0]},{"cubes":[{"origin":[-3,0,-1],"size":[2,12,2],"uv":[0,16]}],"name":"rightLeg","pivot":[-2,12,0]},{"cubes":[{"origin":[1,0,-1],"size":[2,12,2],"uv":[0,16]}],"mirror":true,"name":"leftLeg","pivot":[2,12,0]}],"textureheight":32,"texturewidth":64,"visible_bounds_height":3,"visible_bounds_offset":[0,1.5,0],"visible_bounds_width":1.5}}