{
  "format_version": "1.21.60",
  "cascades": [
    [
      {
        "has_static_geometry": true,
        "has_dynamic_geometry": true,
        "bias": 0,
        "slope_bias": 0.00002,
        "light_quantization_steps": 0,
        "resolution": 2048,
        "range": 0.1666,
        "update_frequency": 1,
        "update_offset": 0,
        "pcf_width": 0
      }
    ]
  ],
  "normal_offset_strength": 0,
  "shadow_range": {
    "near": 0,
    "far": 128
  },
  "max_shadow_distance": 128,
  "shadow_clamp_angle": 0,
  "cloud_shadow_contribution": 0,
  "cloud_shadow_pcf_width": 0,
  "cloud_shadow_quantization_steps": 0,
  "sun_shadows": true,
  "moon_shadows": true,
  "cloud_shadows": true
}
