{
  "android": {
    "tiers": {
      "1": [
        {
          "name": "Performance",
          "lods": {
            "clouds": "low",
            "shadows": "low",
            "point_light_shadows": "off",
            "volumetric_fog": "off",
            "bloom": false,
            "point_light_lodding": "off",
            "reflections": "off",
            "upscaling_mode": "bilinear",
            "target_resolution": "480p",
            "default_deferred_distance": 2
          }
        },
        {
          "name": "Quality",
          "lods": {
            "clouds": "low",
            "shadows": "medium",
            "point_light_shadows": "off",
            "volumetric_fog": "low",
            "bloom": true,
            "point_light_lodding": "off",
            "reflections": "medium",
            "upscaling_mode": "bilinear",
            "target_resolution": "480p",
            "default_deferred_distance": 2
          }
        }
      ],
      "2": [
        {
          "name": "Performance",
          "lods": {
            "clouds": "low",
            "shadows": "low",
            "point_light_shadows": "off",
            "volumetric_fog": "off",
            "bloom": false,
            "point_light_lodding": "off",
            "reflections": "off",
            "upscaling_mode": "bilinear",
            "target_resolution": "480p",
            "default_deferred_distance": 2
          }
        },
        {
          "name": "Quality",
          "lods": {
            "clouds": "low",
            "shadows": "medium",
            "point_light_shadows": "off",
            "volumetric_fog": "low",
            "bloom": true,
            "point_light_lodding": "off",
            "reflections": "medium",
            "upscaling_mode": "bilinear",
            "target_resolution": "480p",
            "default_deferred_distance": 2
          }
        }
      ],
      "3": [
        {
          "name": "Performance",
          "lods": {
            "bloom": false,
            "clouds": "low",
            "default_deferred_distance": 2,
            "point_light_lodding": "off",
            "point_light_shadows": "off",
            "reflections": "off",
            "shadows": "low",
            "target_resolution": "480p",
            "upscaling_mode": "bilinear",
            "volumetric_fog": "low"
          }
        },
        {
          "name": "Quality",
          "lods": {
            "bloom": true,
            "clouds": "ultra",
            "default_deferred_distance": 2,
            "point_light_lodding": "off",
            "point_light_shadows": "off",
            "reflections": "medium",
            "shadows": "medium",
            "target_resolution": "480p",
            "upscaling_mode": "bilinear",
            "volumetric_fog": "low"
          }
        }
      ],
      "4": [
        {
          "name": "Performance",
          "lods": {
            "bloom": true,
            "clouds": "medium",
            "default_deferred_distance": 2,
            "point_light_lodding": "off",
            "point_light_shadows": "off",
            "reflections": "off",
            "shadows": "medium",
            "target_resolution": "480p",
            "upscaling_mode": "bilinear",
            "volumetric_fog": "low"
          }
        },
        {
          "name": "Quality",
          "lods": {
            "bloom": true,
            "clouds": "ultra",
            "default_deferred_distance": 2,
            "point_light_lodding": "off",
            "point_light_shadows": "off",
            "reflections": "medium",
            "shadows": "medium",
            "target_resolution": "480p",
            "upscaling_mode": "bilinear",
            "volumetric_fog": "low"
          }
        }
      ],
      "5": [
        {
          "name": "Performance",
          "lods": {
            "bloom": true,
            "clouds": "medium",
            "default_deferred_distance": 2,
            "point_light_lodding": "off",
            "point_light_shadows": "off",
            "reflections": "low",
            "shadows": "medium",
            "target_resolution": "480p",
            "upscaling_mode": "bilinear",
            "volumetric_fog": "low"
          }
        },
        {
          "name": "Quality",
          "lods": {
            "bloom": true,
            "clouds": "ultra",
            "default_deferred_distance": 2,
            "point_light_lodding": "off",
            "point_light_shadows": "off",
            "reflections": "medium",
            "shadows": "medium",
            "target_resolution": "480p",
            "upscaling_mode": "bilinear",
            "volumetric_fog": "low"
          }
        }
      ]
    },
    "cloud_config": {
      "file":  "cloud_configs/cloud_configuration.json"
    },
    "shadow_config": {
      "file": "shadow_configs/shadow_configuration.android.json"
    },
    "point_light_shadow_config": {
      "file": "point_light_shadow_configs/point_light_shadow_configuration.android.json"
    },
    "volumetric_fog_config": {
      "file": "volumetric_fog_configs/volumetric_fog_configuration.android.json"
    },
    "bloom_config": {
      "file": "bloom_configs/bloom_configuration.json"
    },
    "point_light_loding_config": {
      "file": "point_light_configs/point_light_configuration.android.json"
    },
    "reflection_config": {
      "file": "reflection_configs/reflection_configuration.android.json"
    },
    "upscaling_config": {
      "file": "upscaling_configs/upscaling_configuration.json"
    },
    "render_distance_config": {
      "file":  "render_distance_configs/render_distance_configuration.android.json"
    },
    "deferred_lighting_config": {
      "file":  "deferred_lighting_configs/deferred_lighting_configuration.json"
    }
  },
  "pc": {
    "tiers": {
      "1": [
        {
          "name": "Performance",
          "lods": {
            "clouds": "low",
            "shadows": "medium",
            "point_light_shadows": "off",
            "volumetric_fog": "off",
            "bloom": true,
            "point_light_lodding": "off",
            "reflections": "off",
            "upscaling_mode":"bilinear",
            "target_resolution": "480p",
            "default_deferred_distance": 2
          }
        },
        {
          "name": "Quality",
          "lods": {
            "clouds": "ultra",
            "shadows": "medium",
            "point_light_shadows": "off",
            "volumetric_fog": "low",
            "bloom": true,
            "point_light_lodding": "off",
            "reflections": "medium",
            "upscaling_mode":"bilinear",
            "target_resolution": "480p",
            "default_deferred_distance": 8
          }
        }
      ],
      "2": [
        {
          "name": "Performance",
          "lods": {
            "clouds": "ultra",
            "shadows": "medium",
            "point_light_shadows": "off",
            "volumetric_fog": "off",
            "bloom": true,
            "point_light_lodding": "off",
            "reflections": "low",
            "upscaling_mode":"bilinear",
            "target_resolution": "480p",
            "default_deferred_distance": 2
          }
        },
        {
          "name": "Quality",
          "lods": {
            "clouds": "ultra",
            "shadows": "medium",
            "point_light_shadows": "off",
            "volumetric_fog": "high",
            "bloom": true,
            "point_light_lodding": "off",
            "reflections": "medium",
            "upscaling_mode":"bilinear",
            "target_resolution": "480p",
            "default_deferred_distance": 8
          }
        }
      ],
      "3": [
        {
          "name": "Performance",
          "lods": {
            "clouds": "ultra",
            "shadows": "medium",
            "point_light_shadows": "off",
            "volumetric_fog": "low",
            "bloom": true,
            "point_light_lodding": "off",
            "reflections": "low",
            "upscaling_mode":"bilinear",
            "target_resolution": "480p",
            "default_deferred_distance": 2
          }
        },
        {
          "name": "Quality",
          "lods": {
            "clouds": "ultra",
            "shadows": "ultra",
            "point_light_shadows": "off",
            "volumetric_fog": "low",
            "bloom": true,
            "point_light_lodding": "off",
            "reflections": "medium",
            "upscaling_mode":"bilinear",
            "target_resolution": "480p",
            "default_deferred_distance": 8
          }
        }
      ],
      "4": [
        {
          "name": "Performance",
          "lods": {
            "clouds": "ultra",
            "shadows": "medium",
            "point_light_shadows": "off",
            "volumetric_fog": "low",
            "bloom": true,
            "point_light_lodding": "off",
            "reflections": "low",
            "upscaling_mode":"bilinear",
            "target_resolution": "480p",
            "default_deferred_distance": 2
          }
        },
        {
          "name": "Quality",
          "lods": {
            "clouds": "ultra",
            "shadows": "ultra",
            "point_light_shadows": "off",
            "volumetric_fog": "low",
            "bloom": true,
            "point_light_lodding": "off",
            "reflections": "medium",
            "upscaling_mode":"bilinear",
            "target_resolution": "480p",
            "default_deferred_distance": 8
          }
        }
      ],
      "5": [
        {
          "name": "Performance",
          "lods": {
            "clouds": "ultra",
            "shadows": "medium",
            "point_light_shadows": "off",
            "volumetric_fog": "low",
            "bloom": true,
            "point_light_lodding": "off",
            "reflections": "low",
            "upscaling_mode":"bilinear",
            "target_resolution": "480p",
            "default_deferred_distance": 2
          }
        },
        {
          "name": "Quality",
          "lods": {
            "clouds": "ultra",
            "shadows": "ultra",
            "point_light_shadows": "off",
            "volumetric_fog": "medium",
            "bloom": true,
            "point_light_lodding": "off",
            "reflections": "medium",
            "upscaling_mode":"bilinear",
            "target_resolution": "480p",
            "default_deferred_distance": 8
          }
        }
      ]
    },
    "cloud_config": {
      "file":  "cloud_configs/cloud_configuration.pc.json"
    },
    "shadow_config": {
      "file": "shadow_configs/shadow_configuration.pc.json"
    },
    "point_light_shadow_config": {
      "file": "point_light_shadow_configs/point_light_shadow_configuration.pc.json"
    },
    "volumetric_fog_config": {
      "file": "volumetric_fog_configs/volumetric_fog_configuration.pc.json"
    },
    "bloom_config": {
      "file": "bloom_configs/bloom_configuration.json"
    },
    "point_light_loding_config": {
      "file": "point_light_configs/point_light_configuration.pc.json"
    },
    "reflection_config": {
      "file": "reflection_configs/reflection_configuration.pc.json"
    },
    "upscaling_config": {
      "file": "upscaling_configs/upscaling_configuration.json"
    },
    "render_distance_config": {
      "file":  "render_distance_configs/render_distance_configuration.pc.json"
    },
    "deferred_lighting_config": {
      "file":  "deferred_lighting_configs/deferred_lighting_configuration.json"
    }
  }
}
