{
  "format_version":"1.16.0",
  "render_controllers":{
    "controller.render.lentera_pov":{
      "geometry":"Geometry.default",
      "materials": [ { "*": "Material.default" } ],
      "part_visibility":[{"gelap1":"q.swell_amount"},{"gelap2":"q.swell_amount"},{"gelap3":"q.swell_amount"}],
      "textures":["Texture.default"]
    },
    "controller.render.lentera_ptp":{
      "geometry":"Geometry.default",
      "materials": [ { "*": "Material.default" } ],
      "part_visibility":[{"gelap1":"q.swell_amount"},{"gelap2":"q.swell_amount"},{"gelap3":"q.swell_amount"}],
      "textures":["Texture.default"]
    },
    "controller.render.lentera_redup_pov":{
      "geometry":"Geometry.default",
      "materials": [ { "*": "Material.redup" } ],
      "part_visibility":[{"bone4":"q.swell_amount"},{"bone2":"q.swell_amount"},{"bone3":"q.swell_amount"}],
      "textures":["Texture.default"]
    },
    "controller.render.lentera_redup_ptp":{
      "geometry":"Geometry.default",
      "materials": [ { "*": "Material.redup" } ],
      "part_visibility":[{"bone4":"q.swell_amount"},{"bone2":"q.swell_amount"},{"bone3":"q.swell_amount"}],
      "textures":["Texture.default"]
    }
  }
}
