{
  "format_version":"1.16.0",
  "minecraft:attachable":{
    "description":{
      "identifier":"minecraft:soul_lantern",
      "materials":{"default":"entity_emissive_alpha","redup":"slime_outer"},
      "textures":{
        "default":"lenterajawa"
      },
      "geometry":{"default":"geometry.lentera","redup":"geometry.lenteraredup"},
      "scripts":{
      "animate":[{"3rd":"!c.is_first_person && !q.is_name_any('§§')"},{"1st":"c.is_first_person"}]},
      "animations":{"3rd":"animation.lentera.ptp","1st":"animation.lentera.pov"},
      "render_controllers":[
	{"controller.render.lentera_ptp":"!c.is_first_person"},
	{"controller.render.lentera_pov":"c.is_first_person"},
  {"controller.render.lentera_redup_ptp":"!c.is_first_person"},
	{"controller.render.lentera_redup_pov":"c.is_first_person"}
      ]
    }
  }
}