{
  "format_version":"1.20.0",
  "minecraft:attachable":{
    "description":{
      "identifier":"minecraft:soul_lantern",
      "materials":{"default":"entity_emissive_alpha"},
      "textures":{"default":"lenterajawa"},
      "geometry":{"default":"geometry.lentera"},
      "scripts":{"animate":[{"3rd":"!c.is_first_person && !q.is_name_any('§§')"},{"1st":"c.is_first_person"}]},
      "animations":{"3rd":"animation.lentera.ptp","1st":"animation.lentera.pov"},
      "render_controllers":["controller.render.lentera"]
    }
  }
}