{
 "format_version": "1.10.0",
 "minecraft:client_entity": {
  "description": {
   "animations": {
    "armor_root": "animation.armor_root",
    "attack.positions": "animation.player.attack.positions",
    "attack.rotations": "animation.player.attack.rotations",
    "base_controller": "controller.animation.player.base",
    "bob": "animation.player.bob",
    "bow_root": "animation.bow_root",
    "brandish_spear": "animation.humanoid.brandish_spear",
    "cape": "animation.player.cape",
    "charging": "animation.humanoid.charging",
    "crossbow_controller": "controller.animation.player.crossbow",
    "crossbow_hold": "animation.player.crossbow_hold",
    "damage_nearby_mobs": "animation.humanoid.damage_nearby_mobs",
    "first_person_attack_controller": "controller.animation.player.first_person_attack",
    "first_person_attack_rotation": "animation.player.first_person.attack_rotation",
    "first_person_base_pose": "animation.player.first_person.base_pose",
    "first_person_crossbow_equipped": "animation.player.first_person.crossbow_equipped",
    "first_person_empty_hand": "animation.player.first_person.empty_hand",
    "first_person_map_controller": "controller.animation.player.first_person_map",
    "first_person_map_hold": "animation.player.first_person.map_hold",
    "first_person_map_hold_attack": "animation.player.first_person.map_hold_attack",
    "first_person_map_hold_main_hand": "animation.player.first_person.map_hold_main_hand",
    "first_person_map_hold_off_hand": "animation.player.first_person.map_hold_off_hand",
    "first_person_swap_item": "animation.player.first_person.swap_item",
    "first_person_vr_attack_rotation": "animation.player.first_person.vr_attack_rotation",
    "fishing_rod": "animation.humanoid.fishing_rod",
    "health": "animation.health",
    "holding": "animation.player.holding",
    "hud_armor_root": "animation.hud_armor_root",
    "hud_movement_speed": "animation.hud_movement_speed",
    "hud_movement_speed_clock": "controller.animation.hud_movement_speed_clock",
    "hud_offhand": "animation.hud_offhand",
    "hud_offhand_slot": "animation.hud_offhand_slot",
    "hud_use_item_progress": "animation.hud_use_item_progress",
    "hud_utility": "controller.animation.hud_utility",
    "hudplayer": "controller.animation.player.hudplayer",
    "humanoid_base_pose": "animation.humanoid.base_pose",
    "look_at_target": "controller.animation.humanoid.look_at_target",
    "look_at_target_default": "animation.humanoid.look_at_target.default",
    "look_at_target_gliding": "animation.humanoid.look_at_target.gliding",
    "look_at_target_inverted": "animation.player.look_at_target.inverted",
    "look_at_target_swimming": "animation.humanoid.look_at_target.swimming",
    "look_at_target_ui": "animation.player.look_at_target.ui",
    "move.arms": "animation.player.move.arms",
    "move.legs": "animation.player.move.legs",
    "offhand": "animation.offhand",
    "offhand_shield": "animation.offhand_shield",
    "riding.arms": "animation.player.riding.arms",
    "riding.legs": "animation.player.riding.legs",
    "root": "controller.animation.player.root",
    "shield_block_main_hand": "animation.player.shield_block_main_hand",
    "shield_block_off_hand": "animation.player.shield_block_off_hand",
    "skeleton_attack": "animation.skeleton.attack",
    "sleeping": "animation.player.sleeping",
    "sneaking": "animation.player.sneaking",
    "swimming": "animation.player.swim",
    "swimming.legs": "animation.player.swim.legs",
    "third_person_bow_equipped": "animation.player.bow_equipped",
    "third_person_crossbow_equipped": "animation.player.crossbow_equipped",
    "third_person_utility": "controller.animation.third_person_utility",
    "this": "controller.animation.this",
    "use_item_progress": "animation.humanoid.use_item_progress"
   },
   "enable_attachables": true,
   "geometry": {
    "boots": "geometry.boots",
    "bow_progress": "geometry.bow_progress",
    "cape": "geometry.cape",
    "chestplate": "geometry.chestplate",
    "default": "geometry.humanoid.custom",
    "health_ones": "geometry.health_ones",
    "health_tens": "geometry.health_tens",
    "helmet": "geometry.helmet",
    "hud_boots": "geometry.hud_boots",
    "hud_chestplate": "geometry.hud_chestplate",
    "hud_helmet": "geometry.hud_helmet",
    "hud_leggings": "geometry.hud_leggings",
    "hud_movement_speed_background": "geometry.hud_movement_speed_background",
    "hud_movement_speed_ones": "geometry.hud_movement_speed_ones",
    "hud_movement_speed_ones_decimal": "geometry.hud_movement_speed_ones_decimal",
    "hud_movement_speed_tens": "geometry.hud_movement_speed_tens",
    "hud_movement_speed_tens_decimal": "geometry.hud_movement_speed_tens_decimal",
    "hud_offhand": "geometry.hud_offhand",
    "hud_offhand_shield": "geometry.hud_offhand_shield",
    "hud_offhand_slot": "geometry.hud_offhand_slot",
    "hud_use_item_progress_background": "geometry.hud_use_item_progress_background",
    "hud_use_item_progress_ones": "geometry.hud_use_item_progress_ones",
    "hud_use_item_progress_tens": "geometry.hud_use_item_progress_tens",
    "leggings": "geometry.leggings",
    "offhand": "geometry.offhand",
    "offhand_shield": "geometry.offhand_shield"
   },
   "identifier": "minecraft:player",
   "materials": {
    "alpha": "ambient_alpha",
    "animated": "player_animated",
    "cape": "entity_alphatest",
    "default": "entity_alphatest",
    "emissive": "ambient_emissive"
   },
   "render_controllers": [
    {
     "controller.render.player.first_person": "variable.is_first_person"
    },
    {
     "controller.render.player.third_person": "!variable.is_first_person && !variable.map_face_icon"
    },
    {
     "controller.render.player.map": "variable.map_face_icon"
    },
    {
     "controller.render.bow_progress": "variable.third_person_render && query.get_equipped_item_name == 'bow'"
    },
    {
     "controller.render.health_ones": "variable.third_person_render"
    },
    {
     "controller.render.health_tens": "variable.third_person_render && query.health >= 10"
    },
    {
     "controller.render.offhand": "variable.third_person_render && query.is_item_equipped(1)"
    },
    {
     "controller.render.helmet": "variable.third_person_render && query.has_armor_slot(0)"
    },
    {
     "controller.render.chestplate": "variable.third_person_render && query.has_armor_slot(1)"
    },
    {
     "controller.render.leggings": "variable.third_person_render && query.has_armor_slot(2)"
    },
    {
     "controller.render.boots": "variable.third_person_render && query.has_armor_slot(3)"
    },
    {
     "controller.render.hud_helmet": "query.has_armor_slot(0) && variable.hud_render2"
    },
    {
     "controller.render.hud_chestplate": "query.has_armor_slot(1) && variable.hud_render2"
    },
    {
     "controller.render.hud_leggings": "query.has_armor_slot(2) && variable.hud_render2"
    },
    {
     "controller.render.hud_boots": "query.has_armor_slot(3) && variable.hud_render2"
    },
    {
     "controller.render.hud_offhand": "query.is_item_equipped(1) && variable.hud_render2"
    },
    {
     "controller.render.hud_offhand_slot": "query.is_item_equipped(1) && variable.hud_render2"
    },
    {
     "controller.render.hud_use_item_progress_ones": "variable.use_item_type && variable.hud_render2"
    },
    {
     "controller.render.hud_use_item_progress_tens": "variable.use_item_type && variable.hud_render2 && variable.item_use_normalized <= 0.9"
    },
    {
     "controller.render.hud_use_item_progress_background": "variable.use_item_type && variable.hud_render2"
    },
    {
     "controller.render.hud_movement_speed_tens": "variable.hud_render2 && query.ground_speed >= 10.0"
    },
    {
     "controller.render.hud_movement_speed_ones": "variable.hud_render2"
    },
    {
     "controller.render.hud_movement_speed_ones_decimal": "variable.hud_render2"
    },
    {
     "controller.render.hud_movement_speed_tens_decimal": "variable.hud_render2"
    },
    {
     "controller.render.hud_movement_speed_background": "variable.hud_render2"
    }
   ],
   "scripts": {
    "animate": [
     "root",
     "this",
     {
      "hud_utility": "variable.hud_render2"
     },
     {
      "hud_movement_speed_clock": "variable.hud_render2"
     },
     {
      "third_person_utility": "variable.third_person_render"
     }
    ],
    "initialize": [
     "variable.is_holding_right = 0.0;",
     "variable.is_blinking = 0.0;",
     "variable.last_blink_time = 0.0;",
     "variable.hand_bob = 0.0;",
     "variable.this = 0.0;",
     "variable.life_time = 0.0;",
     "variable.hud_render1 = 0.0;",
     "variable.hud_render2 = 0.0;",
     "variable.third_person_render = 0.0;",
     "variable.enchanted_helmet = 0.0;",
     "variable.enchanted_chestplate = 0.0;",
     "variable.enchanted_leggings = 0.0;",
     "variable.enchanted_boots = 0.0;",
     "variable.item_use_normalized = 0.0;",
     "variable.use_item_type = 0.0;",
     "variable.modified_move_speed = 0.0;"
    ],
    "pre_animation": [
     "variable.hud_render1 = !query.is_riding && !query.is_gliding;",
     "variable.hud_render2 = variable.hud_render1 && variable.this && query.is_in_ui;",
     "variable.third_person_render = variable.hud_render1 && query.is_alive && !query.is_in_ui && !variable.map_face_icon && !variable.is_first_person && !variable.is_paperdoll;",
     "variable.enchanted_helmet = query.armor_material_slot(0) == 1 || query.armor_material_slot(0) == 3;",
     "variable.enchanted_chestplate = query.armor_material_slot(1) == 1 || query.armor_material_slot(1) == 3;",
     "variable.enchanted_leggings = query.armor_material_slot(2) == 1 || query.armor_material_slot(2) == 3;",
     "variable.enchanted_boots = query.armor_material_slot(3) == 1 || query.armor_material_slot(3) == 3;",
     "variable.helmet_layer_visible = 1.0;",
     "variable.leg_layer_visible = 1.0;",
     "variable.boot_layer_visible = 1.0;",
     "variable.chest_layer_visible = 1.0;",
     "variable.attack_body_rot_y = Math.sin(360*Math.sqrt(variable.attack_time)) * 5.0;",
     "variable.tcos0 = (math.cos(query.modified_distance_moved * 38.17) * query.modified_move_speed / variable.gliding_speed_value) * 57.3;",
     "variable.first_person_rotation_factor = math.sin((1 - variable.attack_time) * 180.0);",
     "variable.hand_bob = query.life_time < 0.01 ? 0.0 : variable.hand_bob + ((query.is_on_ground && query.is_alive ? math.clamp(math.sqrt(math.pow(query.position_delta(0), 2.0) + math.pow(query.position_delta(2), 2.0)), 0.0, 0.1) : 0.0) - variable.hand_bob) * 0.02;",
     "variable.map_angle = math.clamp(1 - variable.player_x_rotation / 45.1, 0.0, 1.0);",
     "variable.item_use_normalized = query.main_hand_item_use_duration / query.main_hand_item_max_duration;"
    ],
    "scale": "0.9375"
   },
   "textures": {
    "arrow": "textures/items/arrow",
    "bow_0": "textures/items/bow_standby",
    "bow_1": "textures/items/bow_pulling_0",
    "bow_2": "textures/items/bow_pulling_1",
    "bow_3": "textures/items/bow_pulling_2",
    "cape": "textures/entity/cape_invisible",
    "chainmail_boots": "textures/items/chainmail_boots",
    "chainmail_chestplate": "textures/items/chainmail_chestplate",
    "chainmail_helmet": "textures/items/chainmail_helmet",
    "chainmail_leggings": "textures/items/chainmail_leggings",
    "default": "textures/entity/steve",
    "diamond_boots": "textures/items/diamond_boots",
    "diamond_chestplate": "textures/items/diamond_chestplate",
    "diamond_helmet": "textures/items/diamond_helmet",
    "diamond_leggings": "textures/items/diamond_leggings",
    "eight": "textures/entity/numbers/8",
    "eight_ones_health": "textures/entity/health/8_ones",
    "eight_tens_health": "textures/entity/health/8_tens",
    "elytra": "textures/items/elytra",
    "firework_rocket": "textures/items/fireworks",
    "five": "textures/entity/numbers/5",
    "five_ones_health": "textures/entity/health/5_ones",
    "five_tens_health": "textures/entity/health/5_tens",
    "four": "textures/entity/numbers/4",
    "four_ones_health": "textures/entity/health/4_ones",
    "four_tens_health": "textures/entity/health/4_tens",
    "gold_boots": "textures/items/gold_boots",
    "gold_chestplate": "textures/items/gold_chestplate",
    "gold_helmet": "textures/items/gold_helmet",
    "gold_leggings": "textures/items/gold_leggings",
    "iron_boots": "textures/items/iron_boots",
    "iron_chestplate": "textures/items/iron_chestplate",
    "iron_helmet": "textures/items/iron_helmet",
    "iron_leggings": "textures/items/iron_leggings",
    "leather_boots": "textures/entity/leather_armor_sprites/leather_boots",
    "leather_chestplate": "textures/entity/leather_armor_sprites/leather_chestplate",
    "leather_helmet": "textures/entity/leather_armor_sprites/leather_helmet",
    "leather_leggings": "textures/entity/leather_armor_sprites/leather_leggings",
    "map": "textures/items/map_filled",
    "movement_speed": "textures/entity/movement_speed",
    "nautilus_shell": "textures/items/nautilus",
    "netherite_boots": "textures/items/netherite_boots",
    "netherite_chestplate": "textures/items/netherite_chestplate",
    "netherite_helmet": "textures/items/netherite_helmet",
    "netherite_leggings": "textures/items/netherite_leggings",
    "nine": "textures/entity/numbers/9",
    "nine_ones_health": "textures/entity/health/9_ones",
    "nine_tens_health": "textures/entity/health/9_tens",
    "offhand_slot": "textures/entity/offhand_slot",
    "one": "textures/entity/numbers/1",
    "one_ones_health": "textures/entity/health/1_ones",
    "one_tens_health": "textures/entity/health/1_tens",
    "seven": "textures/entity/numbers/7",
    "seven_ones_health": "textures/entity/health/7_ones",
    "seven_tens_health": "textures/entity/health/7_tens",
    "shield": "textures/entity/shield",
    "six": "textures/entity/numbers/6",
    "six_ones_health": "textures/entity/health/6_ones",
    "six_tens_health": "textures/entity/health/6_tens",
    "three": "textures/entity/numbers/3",
    "three_ones_health": "textures/entity/health/3_ones",
    "three_tens_health": "textures/entity/health/3_tens",
    "totem": "textures/items/totem",
    "turtle_helmet": "textures/items/turtle_helmet",
    "two": "textures/entity/numbers/2",
    "two_ones_health": "textures/entity/health/2_ones",
    "two_tens_health": "textures/entity/health/2_tens",
    "use_item_progress": "textures/entity/use_item_progress",
    "zero": "textures/entity/numbers/0",
    "zero_ones_health": "textures/entity/health/0_ones"
   }
  }
 }
}