{
	"format_version": "1.16.0",
	"minecraft:geometry": [
		{
			"description": {
				"identifier": "geometry.item.ambalabu",
				"texture_width": 256,
				"texture_height": 95,
				"visible_bounds_width": 14,
				"visible_bounds_height": 10,
				"visible_bounds_offset": [0, 4, 0]
			},
			"bones": [
				{
					"name": "badan",
					"pivot": [0.5, 12, 0],
					"binding": "q.item_slot_to_bone_name(c.item_slot)",
					"cubes": [
						{"origin": [-2, 6, -5], "size": [5, 12, 10], "uv": [28, 16]}
					]
				},
				{
					"name": "tangankiri",
					"parent": "badan",
					"pivot": [0, 18, -7],
					"cubes": [
						{"origin": [-2, 10, -9], "size": [4, 8, 4], "uv": [0, 26]}
					]
				},
				{
					"name": "tangankanan",
					"parent": "badan",
					"pivot": [0, 18, 7],
					"cubes": [
						{"origin": [-2, 10, 5], "size": [4, 8, 4], "uv": [0, 26]}
					]
				},
				{
					"name": "kepala",
					"parent": "badan",
					"pivot": [0, 18, 7],
					"cubes": [
						{"origin": [-2, 18, -7], "size": [5, 12, 14], "uv": [0, 0]}
					]
				},
				{
					"name": "muka",
					"parent": "kepala",
					"pivot": [2, 37, -30],
					"cubes": [
						{"origin": [2, 37, -30], "size": [0, 95, 128], "uv": [0, -128]}
					]
				},
				{
					"name": "kupingkanan",
					"parent": "kepala",
					"pivot": [1, 30, -1],
					"cubes": [
						{"origin": [0, 30, -6], "size": [2, 7, 5], "uv": [40, 0]}
					]
				},
				{
					"name": "kupingkiri",
					"parent": "kepala",
					"pivot": [1, 30, 1],
					"cubes": [
						{"origin": [0, 30, 1], "size": [2, 7, 5], "uv": [40, 0]}
					]
				},
				{
					"name": "kakikanan",
					"parent": "badan",
					"pivot": [0, 6, 3],
					"cubes": [
						{"origin": [-2, 0, 1], "size": [4, 6, 4], "uv": [24, 0]}
					]
				},
				{
					"name": "kakikiri",
					"parent": "badan",
					"pivot": [0, 6, -3],
					"cubes": [
						{"origin": [-2, 0, -5], "size": [4, 6, 4], "uv": [24, 0]}
					]
				}
			]
		},
		{
			"description": {
				"identifier": "geometry.item.ambalabu.muka",
				"texture_width": 256,
				"texture_height": 95,
				"visible_bounds_width": 14,
				"visible_bounds_height": 10,
				"visible_bounds_offset": [0, 4, 0]
			},
			"bones": [
				{
					"name": "badan",
					"pivot": [0.5, 12, 0],
					"binding": "q.item_slot_to_bone_name(c.item_slot)"
				},
				{
					"name": "kepala",
					"parent": "badan",
					"pivot": [0, 18, 7]
				},
				{
					"name": "muka",
					"parent": "kepala",
					"pivot": [2, 37, -30],
					"cubes": [
						{"origin": [2, 37, -30], "size": [0, 95, 128], "uv": [0, -128]}
					]
				}
			]
		}
	]
}