{
	"format_version": "1.16.0",
	"minecraft:geometry": [
		{
			"description": {
				"identifier": "geometry.lentera",
				"texture_width": 24,
				"texture_height": 13,
				"visible_bounds_width": 4,
				"visible_bounds_height": 3,
				"visible_bounds_offset": [0, 0.5, 0]
			},
			"bones": [
				{
					"name": "lentera",
					"pivot": [0, 0, 0],
					"binding": "q.item_slot_to_bone_name(c.item_slot)",
					"cubes": [
						{"origin": [-6, 0, 0], "size": [6, 7, 6], "uv": [0, 0]}
					]
				},
				{
					"name": "bone2",
					"parent": "lentera",
					"pivot": [0, 0, 0],
					"cubes": [
						{"origin": [-1, 0, 0], "size": [1, 2, 1], "uv": [0, 0]}
					]
				},
				{
					"name": "bone3",
					"parent": "lentera",
					"pivot": [-1.5, 0, 0],
					"cubes": [
						{"origin": [-3, 0, 0], "size": [3, 2, 0], "uv": [0, 3]}
					]
				},
				{
					"name": "bone4",
					"parent": "bone3",
					"pivot": [0, 0, 0],
					"cubes": [
						{"origin": [-3, 0, 0], "size": [3, 2, 0], "uv": [0, 3]}
					]
				}
			]
		},
		{
			"description": {
				"identifier": "geometry.lenteraredup",
				"texture_width": 24,
				"texture_height": 13,
				"visible_bounds_width": 4,
				"visible_bounds_height": 3,
				"visible_bounds_offset": [0, 0.5, 0]
			},
			"bones": [
				{
					"name": "lentera",
					"pivot": [0, 0, 0],
					"binding": "q.item_slot_to_bone_name(c.item_slot)"
				},
				{
					"name": "gelap1",
					"parent": "lentera",
					"pivot": [-0.5, 0.5, 0.5],
					"cubes": [
						{"origin": [-1, 0, 0], "size": [1, 1, 1], "uv": [18, 0]}
					]
				},
				{
					"name": "gelap2",
					"parent": "lentera",
					"pivot": [-0.5, 0.5, 0.5],
					"cubes": [
						{"origin": [-1, 0, 0], "size": [1, 1, 1], "uv": [18, 0]}
					]
				},
				{
					"name": "gelap3",
					"parent": "lentera",
					"pivot": [-0.5, 0.5, 0.5],
					"cubes": [
						{"origin": [-1, 0, 0], "size": [1, 1, 1], "uv": [18, 0]}
					]
				}
			]
		}
	]
}