{
	"format_version": "1.19.0",
	"minecraft:geometry": [
		{
			"description": {
				"identifier": "geometry.pedang_halilintar",
				"texture_width": 32,
				"texture_height": 32,
				"visible_bounds_width": 3,
				"visible_bounds_height": 3.5,
				"visible_bounds_offset": [0, 1.25, 0]
			},
			"bones": [
				{
					"name": "PEDANG_HALILINTAR_REMAKE",
					"pivot": [0, 0, 0],
					"binding": "q.item_slot_to_bone_name(c.item_slot)",
					"cubes": [
						{"origin": [-0.55, 2.6, 0], "size": [1.1, 1, 1], "pivot": [0.5, 2.6, 0], "rotation": [45, 0, 0], "uv": [26, 1]}
					]
				},
				{
					"name": "GAGANG",
					"parent": "PEDANG_HALILINTAR_REMAKE",
					"pivot": [0, 0, 0],
					"cubes": [
						{"origin": [-1, 2.75, -5], "size": [2, 2, 2], "pivot": [0, 3, -4], "rotation": [-45, 0, 0], "uv": [8, 0]},
						{"origin": [-1, 2.75, 2], "size": [2, 2, 2], "pivot": [0, 3, 3], "rotation": [-45, 0, 0], "uv": [8, 0]},
						{"origin": [-0.5, -3, -1.5], "size": [1, 2, 2], "pivot": [0, -3, -1.25], "rotation": [-45, 0, 0], "uv": [9, 0]},
						{"origin": [-0.5, 3, -3], "size": [1, 1, 6], "uv": [5, 1]},
						{"origin": [-0.5, -3, -0.5], "size": [1, 6, 1], "uv": [10, 0]}
					]
				},
				{
					"name": "KRISTAL2",
					"parent": "PEDANG_HALILINTAR_REMAKE",
					"pivot": [0, 0, 0]
				},
				{
					"name": "bone3",
					"parent": "KRISTAL2",
					"pivot": [-1, 0, 0]
				},
				{
					"name": "bone4",
					"parent": "bone3",
					"pivot": [-0.46292, 3.58579, 3.5],
					"rotation": [0, 35, 0],
					"cubes": [
						{"origin": [-1, 3, 3], "size": [1, 1, 1], "pivot": [-0.46292, 3.58579, 3.41181], "rotation": [0, 0, 45], "uv": [27, 1]}
					]
				},
				{
					"name": "KRISTAL3",
					"parent": "PEDANG_HALILINTAR_REMAKE",
					"pivot": [1, 0, 0]
				},
				{
					"name": "bone2",
					"parent": "KRISTAL3",
					"pivot": [0, 0, 0]
				},
				{
					"name": "bone5",
					"parent": "bone2",
					"pivot": [0.53708, 3.58579, 3.5],
					"rotation": [0, 35, 0],
					"cubes": [
						{"origin": [0, 3, 3], "size": [1, 1, 1], "pivot": [0.53708, 3.58579, 3.41181], "rotation": [0, 0, 45], "uv": [27, 1]}
					]
				},
				{
					"name": "KRISTAL1",
					"parent": "PEDANG_HALILINTAR_REMAKE",
					"pivot": [1, 0, -7]
				},
				{
					"name": "bone6",
					"parent": "KRISTAL1",
					"pivot": [0, 0, -7]
				},
				{
					"name": "bone7",
					"parent": "bone6",
					"pivot": [0.53708, 3.58579, -3.5],
					"rotation": [0, 35, 0],
					"cubes": [
						{"origin": [0, 3, -4], "size": [1, 1, 1], "pivot": [0.53708, 3.58579, -3.58819], "rotation": [0, 0, 45], "uv": [27, 1]}
					]
				},
				{
					"name": "KRISTAL0",
					"parent": "PEDANG_HALILINTAR_REMAKE",
					"pivot": [0, 0, -7]
				},
				{
					"name": "bone8",
					"parent": "KRISTAL0",
					"pivot": [-1, 0, -7]
				},
				{
					"name": "bone9",
					"parent": "bone8",
					"pivot": [-0.46292, 3.58579, -3.5],
					"rotation": [0, 35, 0],
					"cubes": [
						{"origin": [-1, 3, -4], "size": [1, 1, 1], "pivot": [-0.46292, 3.58579, -3.58819], "rotation": [0, 0, 45], "uv": [27, 1]}
					]
				},
				{
					"name": "KRISTAL",
					"parent": "PEDANG_HALILINTAR_REMAKE",
					"pivot": [-2, -3, 1]
				},
				{
					"name": "bone10",
					"parent": "KRISTAL",
					"pivot": [-3, -9, -3]
				},
				{
					"name": "bone11",
					"parent": "bone10",
					"pivot": [-2.46292, -5.41421, 0.5],
					"rotation": [0, 35, 0],
					"cubes": [
						{"origin": [-0.55, -3.35, 1], "size": [1, 1, 1], "inflate": 0.125, "pivot": [-0.07493, -2.75, 1.5], "rotation": [0, 0, 45], "uv": [27, 1]}
					]
				},
				{
					"name": "BILAHNYETRUM",
					"parent": "PEDANG_HALILINTAR_REMAKE",
					"pivot": [-2.5, 4, -1],
					"cubes": [
						{"origin": [-23.5, 6, -2], "size": [22, 1, 4], "inflate": -1, "pivot": [-2.5, 4, -1], "rotation": [0, 0, 90], "uv": [-4, 26]},
						{
							"origin": [-0.45, 24.4, -2],
							"size": [0.9, 1.4, 0.7],
							"pivot": [-0.5, 23, -2],
							"rotation": [-45, 0, 0],
							"uv": {
								"north": {"uv": [30, 3], "uv_size": [0, 1]},
								"east": {"uv": [30, 3], "uv_size": [0, 1]},
								"south": {"uv": [30, 3], "uv_size": [0, 1]},
								"west": {"uv": [30, 3], "uv_size": [0, 1]},
								"up": {"uv": [30, 3], "uv_size": [0, 0]},
								"down": {"uv": [30, 3], "uv_size": [0, 0]}
							}
						},
						{
							"origin": [-0.475, 24, 0.3],
							"size": [0.95, 0.7, 0.7],
							"pivot": [0, 24, 1],
							"rotation": [45, 0, 0],
							"uv": {
								"north": {"uv": [21, 3], "uv_size": [0, 0]},
								"east": {"uv": [21, 3], "uv_size": [0, 0]},
								"south": {"uv": [21, 3], "uv_size": [0, 0]},
								"west": {"uv": [21, 3], "uv_size": [0, 0]},
								"up": {"uv": [21, 3], "uv_size": [0, 0]},
								"down": {"uv": [21, 3], "uv_size": [0, 0]}
							}
						}
					]
				}
			]
		}
	]
}