{
  "format_version": "1.16.100",
  "minecraft:fog_settings": {
    "description": {
      "identifier": "kabut:akasia"
    },
    "distance": {
      "water": {
        "fog_start": 0.0,
        "fog_end": 60.0,
        "fog_color": "#2C8B9C",
        "render_distance_type": "fixed",
        "transition_fog": {
          "init_fog": {
            "fog_start": 0.0,
            "fog_end": 0.01,
            "fog_color": "#2C8B9C",
            "render_distance_type": "fixed"
          },
          "min_percent": 0.25,
          "mid_seconds": 5,
          "mid_percent": 0.6,
          "max_seconds": 30
        }
      }
    },
  "volumetric": {
		"density": {
				"air": { 
				  "max_density": 0.01, 
				  "zero_density_height": 150.0, 
				  "max_density_height": 50.0,
				  "uniform": false
				},
				"water": {
                  "max_density": 0.25,
                  "uniform": true
    }
		  },
			 "media_coefficients": {
				"water": { 
				  "scattering": [0.02, 0.010, 0.025], 
                  "absorption": [0.2, 0.048, 0.083]
				},
				"cloud": {
                  "scattering": [0.02, 0.010, 0.025], 
                  "absorption": [ 0, 0, 0 ]
				},
				"air": { 
				  "scattering": [ 0.05, 0.03, 0.025 ],
                  "absorption": [ 0, 0, 0 ]
				}
		 }
		}
	}
}
