{
    "format_version": "1.16.100",
    "minecraft:fog_settings": {
    "description": {
    "identifier": "kabut:bambu"
     },
     "distance": {
        "air": {
        "fog_start": 0.1,
            "fog_end": 1,
                "fog_color": "#659B00",
                "render_distance_type": "render"
                }
                },
                "volumetric": {
                "density": {
                "air": {
                 "max_density": 1,
                 "max_density_height": 100,
                 "zero_density_height": 220,
                 "uniform": false
                }
                },
                "media_coefficients": {
                "air": {
                 "scattering": [ 0.1, 0.5, 0 ],
                 "absorption": [ 0.001, 0.01, 0 ]
                }
            }
        }
    }
}