{
	"format_version": "1.21.90",
	"minecraft:fog_settings": {
	 "description": {
	 	"identifier": "kabut:biasa"
	 },
	 "volumetric": {
		"density": {
				 "air": {
                    "max_density": 0.07,
                    "zero_density_height": 320.0,
                    "max_density_height": 320.0
                },
                "water": {
                    "max_density": 0.08,
                    "uniform": true
                },
                "weather": {
                    "max_density": 0.09,
                    "uniform": true
                }
			},
			"media_coefficients": {
				"water": { 
				  "scattering": [ 0.0, 0.029, 0.029 ], 
                  "absorption": [ 0.09, 0, 0 ]
				},
				"cloud": {
                  "scattering": [ 0, 0.59, 0.59 ],
                  "absorption": [ 0.059, 0, 0 ]
				},
				"air": { 
				  "scattering": [ 0, 0.49, 0.49 ],
                  "absorption": [ 0.49, 0, 0 ]
				}
			},
			"henyey_greenstein_g": {
                "air": {
                    "henyey_greenstein_g": 0.4
                },
                "water": {
                    "henyey_greenstein_g": 0.4
                }
            }
		}
	}
}