{
	"format_version": "1.16.100",
	"minecraft:fog_settings": {
	 "description": {
	 	"identifier": "kabut:biasa"
	 },
	 "volumetric": {
		"density": {
				"air": { 
				  "max_density": 0.07, 
				  "zero_density_height": 99.0, 
				  "max_density_height": 64.0,
				  "uniform": false
				},
				"water": {
                  "max_density": 0.3,
                  "uniform": true
    }
		  },
			 "media_coefficients": {
				"water": { 
				  "scattering": [ 0, 0, 2 ],
                  "absorption": [ 0, 0, 0.03 ] 
				},
				"cloud": {
                  "scattering": [ 0.1, 0.1, 0.2 ],
                  "absorption": [ 0, 0, 0.1 ]
				},
				"air": { 
				  "scattering": [ 0.049, 0.049, 0.049 ],
                  "absorption": [ 0, 0, 0 ]
				}
		 }
		}
	}
}