{
    "format_version": "1.21.90",
    "minecraft:fog_settings": {
    "description": {
    "identifier": "kabut:cherry"
     },
     "distance": {
        "air": {
        "fog_start": 0.9,
        "fog_end": 1,
        "fog_color": "#eb67ab",
        "render_distance_type": "render"
                }
                },
                "volumetric": {
                "density": {
                "air": {
                    "max_density": 0.08,
                    "uniform": true
                },
                "water": {
                    "max_density": 0.00,
                    "uniform": true
                },
                "weather": {
                    "max_density": 0.08,
                    "uniform": true
                }
            },
            "media_coefficients": {
                "air": {
                 "scattering": [ 0.59, 0.059, 0.59 ],
                 "absorption": [ 0.01, 0.1, 0.1 ]
                },
                "water": {
                    "scattering": [ 0, 0.0, 0.0 ],
                    "absorption": [ 0.0, 0.0, 0.0 ]
                },
                "cloud": {
                    "scattering": [ 0, 0, 0 ],
                    "absorption": [ 0, 0, 0 ]
            }
            },
            "henyey_greenstein_g": {
                "air": {
                    "henyey_greenstein_g": 0.4
                }
            }
        }
    }
}