{
    "format_version": "1.21.90",
    "minecraft:fog_settings": {
    "description": {
    "identifier": "kabut:cherry"
     },
     "distance": {
        "air": {
        "fog_start": 0.9,
        "fog_end": 1,
        "fog_color": "#eb67ab",
        "render_distance_type": "render"
                }
                },
                "volumetric": {
                "density": {
                "air": {
                    "max_density": 0.07,
                 "zero_density_height": 320.0,
                 "max_density_height": 320.0
                }
            },
            "media_coefficients": {
                "air": {
                 "scattering": [ 0.44, 0.59, 0.5 ],
                 "absorption": [ 0.02, 0.09, 0.01 ]
                }
            },
            "henyey_greenstein_g": {
                "air": {
                    "henyey_greenstein_g": 0.6
                },
                "water": {
                    "henyey_greenstein_g": 0.4
                }
            }
        }
    }
}