{
	"format_version": "1.16.100",
	"minecraft:fog_settings": {
	 "description": {
	 	"identifier": "kabut:biasa"
	 },
	 "volumetric": {
		"density": {
				"air": { 
				  "max_density": 0.01, 
				  "zero_density_height": 150.0, 
				  "max_density_height": 50.0,
				  "uniform": false
				},
				"water": {
                  "max_density": 0.25,
                  "uniform": true
    }
		  },
			 "media_coefficients": {
				"water": { 
				  "scattering": [0.018, 0.021, 0.027], 
                  "absorption": [0.2, 0.078, 0.083]
				},
				"cloud": {
                  "scattering": [ 0.05, 0.05, 0.1 ],
                  "absorption": [ 0, 0, 0 ]
				},
				"air": { 
				  "scattering": [ 0.02, 0.02, 0.04 ],
                  "absorption": [ 0, 0, 0 ]
				}
		 }
		}
	}
}