{
    "format_version": "1.16.100",
    "minecraft:fog_settings": {
    "description": {
    "identifier": "kabut:kegelapan"
     },
     "distance": {
        "air": {
        "fog_start": 0.9,
            "fog_end": 1,
                "fog_color": "#0D1217",
                "render_distance_type": "render"
                }
                },
                "volumetric": {
                "density": {
                "air": {
                    "max_density": 0.07,
                 "zero_density_height": 320.0,
                 "max_density_height": 320.0
                }
                },
                "media_coefficients": {
                "air": {
                 "scattering": [ 0, 0, 0.2 ],
                 "absorption": [ 0.1, 0, 0 ]
                }
            }
        }
    }
}