{
  "format_version": "1.21.90",
  "minecraft:fog_settings": {
    "description": {
      "identifier": "kabut:jamur"
    },
    "distance": {
      "air": {
        "fog_start": 0.9,
        "fog_end": 1,
        "fog_color": "#E9FFBB",
        "render_distance_type": "render"
      },
      "water": {
        "fog_start": 0.0,
        "fog_end": 60.0,
        "fog_color": "#8a8997",
        "render_distance_type": "fixed",
        "transition_fog": {
          "init_fog": {
            "fog_start": 0.0,
            "fog_end": 0.01,
            "fog_color": "#8a8997",
            "render_distance_type": "fixed"
          },
          "min_percent": 0.25,
          "mid_seconds": 5,
          "mid_percent": 0.6,
          "max_seconds": 30
        }
      }
    },
    "volumetric": {
      "density": {
        "air": {
          "max_density": 0.007,
          "zero_density_height": 320.0,
          "max_density_height": 320.0
        }
      },
      "media_coefficients": {
        "air": {
          "scattering": [ 0.53, 0.55, 0.38 ],
          "absorption": [ 0.3, 1.0, 0.09 ]
        }
      },
      "henyey_greenstein_g": {
        "air": {
          "henyey_greenstein_g": 0.3
        }
      }
    }
  }
}
