{
  "format_version": "1.16.100",
  "minecraft:fog_settings": {
    "description": {
      "identifier": "kabut:jawa"
    },
    "distance": {
      "air": {
        "fog_start": 10.0,
        "fog_end": 96.0,
        "fog_color": "#1B4745",
        "render_distance_type": "fixed"
      },
      "water": {
        "fog_start": 0.0,
        "fog_end": 15.0,
        "fog_color": "#905957",
        "render_distance_type": "fixed",
        "transition_fog": {
          "init_fog": {
            "fog_start": 0.0,
            "fog_end": 0.01,
            "fog_color": "#905957",
            "render_distance_type": "fixed"
          },
          "min_percent": 0.25,
          "mid_seconds": 5,
          "mid_percent": 0.6,
          "max_seconds": 30
        }
      },
      "weather": {
        "fog_start": 10.0,
        "fog_end": 96.0,
        "fog_color": "#1B4745",
        "render_distance_type": "fixed"
      }
    },
    "volumetric": {
                "density": {
                "air": {
                 "max_density": 1,
                 "max_density_height": 130,
                 "zero_density_height": 220,
                 "uniform": false
                }
                },
                "media_coefficients": {
                "air": {
                 "scattering": [ 0.015, 0.2, 0.09 ],
                 "absorption": [ 0, 0.002, 0.001 ]
                }
            }
        }
  }
}
