{
  "format_version": "1.16.100",
  "minecraft:fog_settings": {
    "description": {
      "identifier": "kabut:biasa"
    },
    "distance": {
      "weather": {
        "fog_start": 0.17,
        "fog_end": 0.7,
        "fog_color": "#000000",
        "render_distance_type": "render"
      }
    },
    "volumetric": {
      "density": {
        "air": { // Copy dari Setingan Customan Render Graphic mine imator gw.
          "max_density": 0.2,
          "zero_density_height": 99,
          "max_density_height": 64,
          "uniform": false
        },
        "water": { //Ketika didalam air
          "max_density": 0.3,
          "uniform": true //kalau mau dipisah mending false aja.
        }
      },
      "media_coefficients": {
        "air": {
          "scattering": [ 0.0275, 0.0275, 0.0275], //Penyebaran
          "absorption": [ 0,0,0 ] //Penyerapan
        },
        "water": {
          "scattering": [ 0, 0.03, 2 ],
          "absorption": [ 0.0, 0.09, 0.03 ]
        },
        "cloud": {
          "scattering": [0.01, 0.01, 0.01],
          "absorption": [1, 1, 1]
        }
      }
    }
  }
}