{
  "format_version": "1.16.100",
  "minecraft:fog_settings": {
    "description": {
      "identifier": "kabut:kabut"
    },
    "distance": {
      "weather": {
        "fog_start": 0.17,
        "fog_end": 0.7,
        "fog_color": "#000000", //Biar berkabut pas lagi hujan atau badai.
        "render_distance_type": "render"
      }
    },
    "volumetric": {
      "density": {
        "air": { //Copy dari Setingan Customan Render Graphic mine imator gw.
          "max_density": 0.021,
          "max_density_height": 52,
          "zero_density_height": 300,
          "uniform": false
        },
        "water": { //Ketika didalam air
          "max_density": 0.3,
          "uniform": true //kalau mau dipisah mending false aja.
        }
        
      },
      "media_coefficients": {
        "air": {
          "scattering": [ 0.035, 0.034, 0.034], //Penyebaran
          "absorption": [ 0.16, 0.019, 0.019 ] //Penyerapan
        },
        "water": {
          "scattering": [ 0, 0.03, 2 ],
          "absorption": [ 0.0, 0.09, 0.03 ]
        },
        "cloud": {
          "scattering": [0.1, 0.1, 0.1],
          "absorption": [0.01, 0.01, 0.01]
        }
      }
    }
  }
}