{
  "format_version": "1.21.90",
  "minecraft:fog_settings": {
    "description": {
      "identifier": "kabut:seram"
    },
    "distance": {
      "air": {
        "fog_start": 0.92,
        "fog_end": 1.0,
        "fog_color": "#817770",
        "render_distance_type": "render"
      },
      "weather": {
        "fog_start": 0.23,
        "fog_end": 0.7,
        "fog_color": "#403C44",
        "render_distance_type": "render"
      },
      "water": {
        "fog_start": 0.0,
        "fog_end": 60.0,
        "fog_color": "#556980",
        "render_distance_type": "fixed",
        "transition_fog": {
          "init_fog": {
            "fog_start": 0.0,
            "fog_end": 0.01,
            "fog_color": "#556980",
            "render_distance_type": "fixed"
          },
          "min_percent": 0.25,
          "mid_seconds": 5,
          "mid_percent": 0.6,
          "max_seconds": 30
        }
      }
    },
    "volumetric": {
                "density": {
                "air": {
                 "max_density": 0.07,
                 "zero_density_height": 320.0,
          "max_density_height": 320.0
                }
                },
                "media_coefficients": {
                "air": {
                 "scattering": [ 0.45, 0.5, 0.4 ],
                 "absorption": [ 0.35, 0.125, 0.25 ]
                }
            },
            "henyey_greenstein_g": {
              "air": {
                "henyey_greenstein_g": 0.3
        }
      }
   }
  }
}
