{
  "format_version": "1.16.100",
  "minecraft:fog_settings": {
    "description": {
      "identifier": "pbr:intense_fog"
    },
    "volumetric": {
      "density": {
        "air": { // Copy dari Setingan Custom Render Graphic mine imator 2.0.2
          "max_density": 1000,
          "zero_density_height": 99,
          "max_density_height": 125,
          "uniform": false
        },
        "water": {
          "max_density": 2.0,
          "uniform": true
        }
      },
      "media_coefficients": {
        "air": {
          "scattering": [
            0.0275,
            0.0275,
            0.0275
          ],
          "absorption": [
            0.0,
            0.0,
            0.0
          ]
          // "absorption": [ 0.008, 0.008, 0.005 ]
        },
        "cloud": {
          "scattering": [
            0.100,
            0.100,
            0.100
          ],
          "absorption": [
            0.003,
            0.003,
            0.003
          ]
        }
      }
    }
  }
}