{
  "format_version": "1.16.100",
  "minecraft:fog_settings": {
    "description": {
      "identifier": "kabut:thenether"
    },
    "distance": {
      "air": {
        "fog_start": 10.0,
        "fog_end": 96.0,
        "fog_color": "#330808",
        "render_distance_type": "fixed"
      },
      "water": {
        "fog_start": 0.0,
        "fog_end": 15.0,
        "fog_color": "#905957",
        "render_distance_type": "fixed",
        "transition_fog": {
          "init_fog": {
            "fog_start": 0.0,
            "fog_end": 0.01,
            "fog_color": "#905957",
            "render_distance_type": "fixed"
          },
          "min_percent": 0.25,
          "mid_seconds": 5,
          "mid_percent": 0.6,
          "max_seconds": 30
        }
      },
      "weather": {
        "fog_start": 10.0,
        "fog_end": 96.0,
        "fog_color": "#330808",
        "render_distance_type": "fixed"
      }
    },
    "volumetric": {
		"density": {
				"air": { 
				  "max_density": 0.01, 
				  "zero_density_height": 150.0, 
				  "max_density_height": 50.0,
				  "uniform": false
				},
				"water": {
                  "max_density": 0.25,
                  "uniform": true
    }
		  },
			 "media_coefficients": {
				"water": { 
				  "scattering": [0.21, 0.0, 0.0], 
                  "absorption": [0.078, 0.0, 0.0]
				},
				"air": { 
				  "scattering": [ 0.04, 0.00, 0.00 ],
                  "absorption": [ 0, 0, 0 ]
				}
		 }
		}
  }
}
