{
    "format_version": "1.16.100",
    "minecraft:fog_settings": {
    "description": {
    "identifier": "kabut:rawa"
     },
     "distance": {
        "air": {
        "fog_start": 1,
            "fog_end": 1,
                "fog_color": "#4c763c",
                "render_distance_type": "render"
                }
                },
                "volumetric": {
                "density": {
                "air": {
                 "max_density": 0.1,
                 "max_density_height": 130,
                 "zero_density_height": 220,
                 "uniform": false
                }
                },
                "media_coefficients": {
                "air": {
                 "scattering": [ 0.01, 0.031, 0.014 ], 
                 "absorption": [ 0, 0.01, 0.001 ]
                }
            }
        }
    }
}