{
	"format_version": "1.21.90",
	"minecraft:fog_settings": {
	 "description": {
	 	"identifier": "kabut:iluminasihijau"
	 },
	 "volumetric": {
		"density": {
				"air": { 
				  "max_density": 0.01, 
				  "zero_density_height": 150.0, 
				  "max_density_height": 50.0
				}
		},
			 "media_coefficients": {
				"water": { 
				  "scattering": [0, 0.021, 0.021], 
                  "absorption": [0.78, 0, 0]
				},
				"air": { 
				  "scattering": [ 0.0, 0.4, 0.4 ],
                  "absorption": [ 0.4, 0, 0 ]
				}
		 },
		 "henyey_greenstein_g": {
                "air": {
                    "henyey_greenstein_g": 0.4
                },
                "water": {
                    "henyey_greenstein_g": 0.4
                }
            }
		}
	}
}