{
  "graphics_mode_dropdown_content@settings_common.option_radio_dropdown_group": {
    "$radio_buttons": [
      {
        "@settings_common.radio_with_label": {
          "$toggle_state_binding_name": "#graphics_mode_radio_simple",
          "$radio_label_text": "options.graphicsMode.simple"
        }
      },
      {
        "@settings_common.radio_with_label": {
          "$toggle_state_binding_name": "#graphics_mode_radio_fancy",
          "$radio_label_text": "options.graphicsMode.fancy"
        }
      },
      {
        "@settings_common.radio_with_label": {
          "$toggle_state_binding_name": "#graphics_mode_radio_deferred",
          "$radio_label_text": "options.graphicsMode.deferred"
        }
      },
      {
        "@settings_common.radio_with_label": {
          "$toggle_state_binding_name": "#graphics_mode_radio_ray_traced",
          "$radio_label_text": "options.graphicsMode.rayTraced"
        }
      }
    ]
  },
  "namespace": "general_section",
  "raiden_button@settings_common.section_toggle_base": {
    "$toggle_view_binding_name": "Settingan Grafis Vibrant visuals",
    "$glyph_texture": "ui/raiden button glow",
    "$glyph_color_texture": "ui/raiden button",
    "$glyph_offset": [ "-1.0%" , 0],
    "$glyph_size": [ 30, 30 ],
    "$button_text": "opti.raidenvisuals",
    "$toggle_property_bag": {
      "#panel_title": "Settingan Grafis Vibrant visuals"
    }
  },
  "raiden_section": {
    "type": "stack_panel",
    "size": [ "100%", "100%c" ],
    "anchor_from": "top_left",
    "anchor_to": "top_left",
    "$spatialPatternsPadding": [ "100%", 8 ],
    "$paddingLineDivider": [ "100%", 16 ],
    "bindings": [
      {
        "binding_type": "view",
        "source_control_name": "Settingan Grafis Vibrant visuals",
        "source_property_name": "#toggle_state",
        "target_property_name": "#visible"
      }
    ], 
    "controls": [
      {
        "deferred_render_distance_slider@settings_common.option_slider": {
          "$option_label": "#deferred_render_distance_slider_label",
          "$slider_name": "deferred_render_distance",
          "$slider_value_binding_name": "#deferred_render_distance",
          "$slider_tts_text_value": "#deferred_render_distance_text_value",
          "$option_enabled_binding_name": "#deferred_render_distance_enabled",
          "$slider_steps_binding_name": "#deferred_render_distance_steps",
          "$label_bindings": [
            {
              "binding_name": "$option_label"
            }
          ],
          "controls": [
            { "option_generic_core@settings_common.option_generic_core": {} }
          ],
          "bindings": [
            {
              "binding_name": "#show_deferred_render_distance",
              "binding_name_override": "#visible"
            }
          ]
        }
      },
      {"ingfomin@general_section.ingfomin": {"bindings": [{"binding_name": "#graphics_mode_is_deferred","binding_name_override": "#visible"}]}},
      {
        "render_distance_slider@settings_common.option_slider": {
          "$option_label": "#render_distance_slider_label",
          "$slider_name": "render_distance",
          "$slider_value_binding_name": "#render_distance",
          "$slider_tts_text_value": "#render_distance_text_value",
          "$option_enabled_binding_name": "#render_distance_enabled",
          "$slider_steps_binding_name": "#render_distance_steps",
          "$label_bindings": [
            {
              "binding_name": "$option_label"
            }
          ],
          "controls": [
            { "render_distance_warning@general_section.render_distance_warning": {} },
            { "option_generic_core@settings_common.option_generic_core": {} }
          ],
          "bindings": [{"binding_name": "#show_render_distance","binding_name_override": "#visible"}]
        }
      },
      {"momenketikavvgaksupport@general_section.momenketikavvgaksupport": {"bindings": [{"binding_name": "#graphics_mode_option_warning_visible","binding_name_override": "#visible"}]}},
      {"ingfosupportvv@general_section.ingfosupportvv": {"bindings": [{"binding_name": "#graphics_mode_option_warning_visible","binding_name_override": "#visible"}]}},
      {"ingfospekandroidmin@general_section.ingfospekandroidmin": {"bindings": [{"binding_name": "#graphics_mode_is_simple_or_fancy","binding_name_override": "#visible"}]}},
      {"ingfospekpcmin@general_section.ingfospekpcmin": {"bindings": [{"binding_name": "#graphics_mode_is_simple_or_fancy","binding_name_override": "#visible"}]}},
      {
        "render_distance_warning_text": {
          "type": "panel",
          "size": [ "100%", "100%cm + 16px" ],
          "controls": [
            {
              "render_distance_popup@common.static_tooltip_popup_with_image_and_text": {
                "size": [ "100% - 4px", "100%cm + 8px" ],
                "anchor_from": "top_middle",
                "anchor_to": "top_middle",
                "$tooltip_panel_offset": [ 0, 6 ],
                "$tooltip_popup_image": "textures/ui/WarningGlyph",
                "$tooltip_button_binding_type": "global",
                "$tooltip_button_collection_name": "",
                "$tooltip_popup_visible_binding": "#render_distance_warning_visible",
                "$tooltip_text_binding_name": "#render_distance_performance_tooltip_text",
                "$tooltip_chevron_anchor": "top_right",
                "$tooltip_popup_chevron_offset": [ "-30%x", "-10px" ],
                "$tooltip_popup_chevron_texture": "textures/ui/tooltip_inverted_chevron"
              }
            }
          ],
          "bindings": [
            {
              "binding_name": "#render_distance_warning_visible",
              "binding_name_override": "#visible"
            }
          ]
        }
      },
      {
        "advanced_graphics_options_panel": {
          "type": "stack_panel",
          "orientation": "vertical",
          "size": [ "100%", "100%c + 4px" ],
          "controls": [
            {
        "minggirlumiskin": {
          "type": "panel",
          "size": [ 5, 5 ]
        }
      },
             {
              "graphics_mode@settings_common.option_dropdown": {
                "$option_label": "options.graphicsMode",
                "$dropdown_content": "general_section.graphics_mode_dropdown_content",
                "$dropdown_area": "content_area",
                "$dropdown_name": "graphics_mode_dropdown",
                "$option_enabled_binding_name": "#graphics_mode_dropdown_enabled",
                "$options_dropdown_toggle_label_binding": "#graphics_mode_dropdown_toggle_label",
                "$option_tooltip_binding_type": "global",
                "$option_tooltip_area": "general_and_controls_sections",
                "$option_tooltip_text_binding_name": "#graphics_mode_option_tooltip_text",
                "$option_tooltip_visible_binding_name": "#graphics_mode_option_warning_visible",
                "$dropdown_scroll_content_size": [ "100%", "240%" ]
              }
            },
            {
              "graphics_quality_preset_mode_dropdown_content@settings_common.option_radio_dropdown_group": {
                "$option_enabled_binding_name": "#graphics_quality_preset_mode_dropdown_enabled",
                "$radio_buttons": [
                  {
                    "@settings_common.radio_with_label": {
                      "$toggle_state_binding_name": "#graphics_quality_preset_mode_radio_performance",
                      "$radio_label_text": "options.graphicsQualityPresetMode.performance"
                    }
                  },
                  {
                    "@settings_common.radio_with_label": {
                      "$toggle_state_binding_name": "#graphics_quality_preset_mode_radio_visuals",
                      "$radio_label_text": "options.graphicsQualityPresetMode.visuals"
                    }
                  },
                  {
                    "@settings_common.radio_with_label": {
                      "$toggle_state_binding_name": "#graphics_quality_preset_mode_radio_custom",
                      "$radio_label_text": "options.graphicsQualityPresetMode.custom"
                    }
                  }
                ],
                "bindings": [
                  {
                    "binding_name": "#graphics_mode_is_deferred",
                    "binding_name_override": "#visible"
                  }
                ]
              }
            },
            {
              "advanced_graphics_options_button@common_buttons.light_content_button": {
                "size": [ "100%", 20 ],
                "$button_content": "general_section.advanced_graphics_options_button_content",
                "$pressed_button_name": "button.expand_advanced_graphics"
              }
            },
            {
              "advanced_graphics_options_section@general_section.advanced_graphics_options_section": {
                "bindings": [
                  {
                    "binding_name": "#advanced_graphics_options_grid_visible",
                    "binding_name_override": "#visible"
                  }
                ]
              }
            }
          ]
        }
      },
      {"max_framerate_slider@general_section.max_framerate_slider": {}},
      {"msaa_slider@general_section.msaa_slider": {}},
      {
        "vsync_dropdown@settings_common.option_dropdown": {
          "$option_label": "options.vsync",
          "$dropdown_content": "general_section.vysnc_dropdown_content",
          "$dropdown_area": "content_area",
          "$dropdown_name": "vsync_dropdown",
          "$options_dropdown_toggle_label_binding": "#vsync_dropdown_toggle_label",
          "$option_enabled_binding_name": "#vsync_dropdown_enabled",
          "$dropdown_scroll_content_size": [ "100%", "200%" ]
        }
      },
      {"upscaling_toggle@general_section.upscaling_toggle":{"ignored": "($is_holographic)"}},
      {
        "option_toggle_improved_input_response@settings_common.option_toggle": {
          "$option_label": "options.improvedInputResponsePlaceholder",
          "$option_binding_name": "#improved_input_response_options",
          "$option_enabled_binding_name": "#max_framerate_enabled",
          "$toggle_name": "improved_input_response_options",
          "layer": 1,
          "controls": [{ "option_generic_core@settings_common.option_generic_core":{}}]
        }
      },
      {
        "dynamic_textures_toggle@settings_common.option_toggle": {
          "$option_label": "options.dynamicTexturesToggle",
          "$option_binding_name": "#dynamic_textures",
          "$option_enabled_binding_name": "#dynamic_textures_enabled",
          "$toggle_name": "dynamic_textures",
          "layer": 1,
          "controls": [{"option_generic_core@settings_common.option_generic_core":{}}]
        }
      },
      {
        "frame_pacing_toggle@settings_common.option_toggle": {
          "$option_label": "options.framePacing",
          "$option_binding_name": "#frame_pacing",
          "$option_enabled_binding_name": "#frame_pacing_enabled",
          "$toggle_name": "frame_pacing",
          "layer": 1,
          "controls": [{"option_generic_core@settings_common.option_generic_core":{}}]
        }
      },
      {
        "graphics_mode_switch_toggle@settings_common.option_toggle": {
          "$option_label": "options.graphicsModeSwitch",
          "$option_binding_name": "#graphics_mode_switch",
          "$option_enabled_binding_name": "#max_framerate_enabled",
          "$toggle_name": "graphics_mode_switch"
        }
      },
      {"fancy_leaves@general_section.fancy_leaves": {}},
      {"option_toggle_hidehud@settings_common.option_toggle": {
          "$option_label": "options.hidehud",
          "$option_binding_name": "#hide_hud",
          "$option_enabled_binding_name": "#hide_hud_enabled",
          "$toggle_name": "hide_hud"
        }
      },
      {
        "multithreaded_rendering_toggle@settings_common.option_toggle": {
          "$option_label": "options.dev_multithreadedRendering",
          "$option_binding_name": "#multithreaded_rendering",
          "$option_enabled_binding_name": "#multithreaded_rendering_enabled",
          "$toggle_name": "multithreaded_rendering",
          "bindings":[{"binding_name": "#visible","binding_name_override": "#visible"}]
        }
      },
      {
        "enable_texture_hot_reloader_toggle@settings_common.option_toggle": {
          "$option_label": "options.dev_enable_texture_hot_reloader",
          "$option_binding_name": "#enable_texture_hot_reloader",
          "$option_enabled_binding_name": "#texture_hot_reloader_enabled",
          "$toggle_name": "enable_texture_hot_reloader",
          "bindings":[{"binding_name": "#visible","binding_name_override": "#visible"}]
        }
      }
    ]
  },
  "max_framerate_slider@settings_common.option_slider": {
    "$option_label": "#max_framerate_slider_label",
    "$slider_name": "max_framerate",
    "$slider_value_binding_name": "#max_framerate",
    "$slider_tts_text_value": "#max_framerate_text_value",
    "$option_enabled_binding_name": "#max_framerate_enabled",
    "$slider_steps_binding_name": "#max_framerate_steps",
    "$label_bindings": [{"binding_name": "$option_label"}],
    "bindings":[{"binding_name": "#visible","binding_name_override": "#visible"}],
    "controls": [{ "option_generic_core@settings_common.option_generic_core":{}}]
  },
  "msaa_slider@settings_common.option_slider": {
    "ignored": "($is_holographic)",
    "$option_label": "#msaa_slider_label",
    "$slider_name": "msaa",
    "$slider_value_binding_name": "#msaa",
    "$slider_tts_text_value": "#msaa_text_value",
    "$option_enabled_binding_name": "#max_framerate_enabled",
    "$slider_steps_binding_name": "#msaa_steps",
    "$label_bindings": [{"binding_name": "$option_label"}],
    "bindings": [{"binding_name": "#visible","binding_name_override": "#visible"}]
  },
  "upscaling_toggle@settings_common.option_toggle": {
    "$option_label": "options.upscaling",
    "$option_binding_name": "#graphics_upscaling",
    "$option_enabled_binding_name": "#max_framerate_enabled",
    "$option_tooltip_binding_type": "global",
    "$option_tooltip_area": "general_and_controls_sections",
    "$option_tooltip_text_binding_name": "#rtx_disabled_option_upsell_tooltip_text",
    "$option_tooltip_visible_binding_name": "#rtx_disabled_option_upsell_visible",
    "$toggle_name": "graphics_upscaling",
    "controls": [{ "option_generic_core@settings_common.option_generic_core":{}}]
  },
   "fancy_leaves@settings_common.option_toggle": {
     "ignored": "($is_holographic)",
     "$option_label": "options.transparentleaves",
     "$option_binding_name": "#transparent_leaves",
     "$option_enabled_binding_name": "#transparent_leaves_enabled",
     "$toggle_name": "transparent_leaves"
   },
  "advanced_graphics_options_section": {
    "type": "stack_panel",
    "orientation": "vertical",
    "size": [ "100%", "100%c" ],
    "controls": [
      {
        "spacer_0": {
          "type": "panel",
          "size": [ "100%", 4 ]
        }
      },
      {
        "gamma_calibration@settings_common.action_button": {
          "$pressed_button_name": "button.gamma_calibration",
          "$button_text": "options.gammaIntensity",
          "bindings": [
            {
              "binding_name": "#graphics_mode_is_deferred",
              "binding_name_override": "#visible"
            }
          ]
        }
      },
      {
        "awass": {
          "type": "panel",
          "size": [ "100%", 4 ]
        }
      },
      {"shadowoff@general_section.shadowoff": {"bindings": [
            {
              "binding_name": "#graphics_mode_is_deferred",
              "binding_name_override": "#visible"
            }
          ]}},
      {
        "shadow_quality_slider@settings_common.option_slider": {
          "$option_label": "#shadow_quality_slider_label",
          "$slider_name": "shadow_quality",
          "$slider_value_binding_name": "#shadow_quality",
          "$slider_tts_text_value": "#shadow_quality_text_value",
          "$slider_steps_binding_name": "#shadow_quality_steps",
          "$label_bindings": [
            {
              "binding_name": "$option_label"
            }
          ],
          "bindings": [
            {
              "binding_name": "#graphics_mode_is_deferred",
              "binding_name_override": "#visible"
            }
          ]
         }
      },
      {"cahayabayang@general_section.cahayabayang": {"bindings": [
            {
              "binding_name": "#graphics_mode_is_deferred",
              "binding_name_override": "#visible"
            }
          ]}},
      {
        "point_light_shadow_quality_slider@settings_common.option_slider": {
          "$option_label": "#point_light_shadow_quality_slider_label",
          "$slider_name": "point_light_shadow_quality",
          "$slider_value_binding_name": "#point_light_shadow_quality",
          "$slider_tts_text_value": "#point_light_shadow_quality_text_value",
          "$slider_steps_binding_name": "#point_light_shadow_quality_steps",
          "$label_bindings": [
            {
              "binding_name": "$option_label"
            }
          ],
          "bindings": [
            {
              "binding_name": "#graphics_mode_is_deferred",
              "binding_name_override": "#visible"
            }
          ]
        }
      },
      {
        "point_light_loding_quality_slider@settings_common.option_slider": {
          "$option_label": "#point_light_loding_quality_slider_label",
          "$slider_name": "point_light_loding_quality",
          "$slider_value_binding_name": "#point_light_loding_quality",
          "$slider_tts_text_value": "#point_light_loding_quality_text_value",
          "$slider_steps_binding_name": "#point_light_loding_quality_steps",
          "$label_bindings": [
            {
              "binding_name": "$option_label"
            }
          ],
          "bindings": [
            {
              "binding_name": "#graphics_mode_is_deferred",
              "binding_name_override": "#visible"
            }
          ]
        }
      },
      {"awan@general_section.awan": {"bindings": [{"binding_name": "#graphics_mode_is_deferred","binding_name_override": "#visible"}]}},
      {
        "cloud_quality_slider@settings_common.option_slider": {
          "$option_label": "#cloud_quality_slider_label",
          "$slider_name": "cloud_quality",
          "$slider_value_binding_name": "#cloud_quality",
          "$slider_tts_text_value": "#cloud_quality_text_value",
          "$slider_steps_binding_name": "#cloud_quality_steps",
          "$label_bindings": [
            {
              "binding_name": "$option_label"
            }
          ],
          "bindings": [
            {
              "binding_name": "#graphics_mode_is_deferred",
              "binding_name_override": "#visible"
            }
          ]
        }
      },
      {"kabutvolumetrik@general_section.kabutvolumetrik": {"bindings": [
            {
              "binding_name": "#graphics_mode_is_deferred",
              "binding_name_override": "#visible"
            }
          ]}},
      {
        "volumetric_fog_quality_slider@settings_common.option_slider": {
          "$option_label": "#volumetric_fog_quality_slider_label",
          "$slider_name": "volumetric_fog_quality",
          "$slider_value_binding_name": "#volumetric_fog_quality",
          "$slider_tts_text_value": "#volumetric_fog_quality_text_value",
          "$slider_steps_binding_name": "#volumetric_fog_quality_steps",
          "$label_bindings": [
            {
              "binding_name": "$option_label"
            }
          ],
          "bindings": [
            {
              "binding_name": "#graphics_mode_is_deferred",
              "binding_name_override": "#visible"
            }
          ]
        }
      },
      {"refleksi@general_section.refleksi": {"bindings": [
            {
              "binding_name": "#graphics_mode_is_deferred",
              "binding_name_override": "#visible"
            }
          ]}},
      {
        "reflections_quality_slider@settings_common.option_slider": {
          "$option_label": "#reflections_quality_slider_label",
          "$slider_name": "reflections_quality",
          "$slider_value_binding_name": "#reflections_quality",
          "$slider_tts_text_value": "#reflections_quality_text_value",
          "$slider_steps_binding_name": "#reflections_quality_steps",
          "$label_bindings": [
            {
              "binding_name": "$option_label"
            }
          ],
          "bindings": [
            {
              "binding_name": "#graphics_mode_is_deferred",
              "binding_name_override": "#visible"
            }
          ]
        }
      },
      {"bloom@general_section.bloom": {"bindings": [
            {
              "binding_name": "#graphics_mode_is_deferred",
              "binding_name_override": "#visible"
            }
          ]}},
      {
        "bloom_strength@settings_common.option_slider": {
          "$option_label": "#bloom_strength_slider_label",
          "$slider_name": "bloom_strength",
          "$slider_value_binding_name": "#bloom_strength",
          "$slider_tts_text_value": "#bloom_strength_text_value",
          "$option_enabled_binding_name": "#bloom_strength_enabled",
          "$label_bindings": [
            {
              "binding_name": "$option_label"
            }
          ],
          "bindings": [
            {
              "binding_name": "#graphics_mode_is_deferred",
              "binding_name_override": "#visible"
            }
          ]
        }
      },
      {"upscaling@general_section.upscaling": {"bindings": [
            {
              "binding_name": "#graphics_mode_is_deferred",
              "binding_name_override": "#visible"
            }
          ]}},
      {
        "upscaling_mode@settings_common.option_dropdown": {
          "$option_label": "options.upscalingMode",
          "$dropdown_content": "general_section.upscaling_mode_dropdown_content",
          "$dropdown_area": "content_area",
          "$dropdown_name": "upscaling_mode_dropdown",
          "$options_dropdown_toggle_label_binding": "#upscaling_mode_toggle_label",
          "$option_enabled_binding_name":"#upscaling_mode_dropdown_enabled",
          "$dropdown_scroll_content_size": [ "100%", "175%" ],
          "bindings": [
            {
              "binding_name": "#graphics_mode_is_deferred",
              "binding_name_override": "#visible"
            }
          ]
        }
      },
      {
        "upscaling_percentage@settings_common.option_slider": {
          "$option_label": "#upscaling_percentage_slider_label",
          "$slider_name": "upscaling_percentage",
          "$slider_value_binding_name": "#upscaling_percentage",
          "$slider_tts_text_value": "#upscaling_percentage_text_value",
          "$slider_steps_binding_name": "#upscaling_percentage_steps",
          "$label_bindings": [
            {
              "binding_name": "$option_label"
            }
          ],
          "bindings": [
            {
              "binding_name": "#graphics_mode_is_deferred",
              "binding_name_override": "#visible"
            }
          ]
        }
      },
      {
        "fancy_clouds_toggle@settings_common.option_toggle": {
          "$option_label": "options.fancyskies",
          "$option_binding_name": "#fancy_skies",
          "$option_enabled_binding_name": "#fancy_skies_enabled",
          "$toggle_name": "fancy_skies",
          "bindings": [
            {
              "binding_name": "#graphics_mode_is_simple_or_fancy",
              "binding_name_override": "#visible"
            }
          ]
        }
      },
      {
        "smooth_lighting_toggle@settings_common.option_toggle": {
          "$option_label": "options.smooth_lighting",
          "$option_binding_name": "#smooth_lighting",
          "$option_enabled_binding_name": "#smooth_lighting_enabled",
          "$toggle_name": "smooth_lighting",
          "bindings": [
            {
              "binding_name": "#graphics_mode_is_simple_or_fancy",
              "binding_name_override": "#visible"
            }
          ]
        }
      }
    ]
  },
"shadowoff": {
    "type": "stack_panel",
    "orientation": "horizontal",
    "size": [ "100% - 10px", "100%cm" ],
    "controls": [
      {
        "contoh": {
          "type": "image",
          "texture": "ui/noshadow",
          "size": [ "fill", 80 ]
        }
      },
      {
        "heh": {
          "type": "panel",
          "size": [ 5, 0 ]
        }
      },
      {
        "contoh1": {
          "type": "image",
          "texture": "ui/shadowon",
          "size": [ "fill", 80 ]
        }
      },
      {
        "hah": {
          "type": "panel",
          "size": [ 1, 85 ]
        }
      }
    ]
  },
  "cahayabayang": {
    "type": "stack_panel",
    "orientation": "horizontal",
    "size": [ "100% - 10px", "100%cm" ],
    "controls": [
      {
        "contoh": {
          "type": "image",
          "texture": "ui/bayangancahayaoff",
          "size": [ "fill", 80 ]
        }
      },
      {
        "heh": {
          "type": "panel",
          "size": [ 5, 0 ]
        }
      },
      {
        "contoh1": {
          "type": "image",
          "texture": "ui/bayangancahayaon",
          "size": [ "fill", 80 ]
        }
      },
      {
        "hah": {
          "type": "panel",
          "size": [ 1, 85 ]
        }
      }
    ]
  },
  "kabutvolumetrik": {
    "type": "stack_panel",
    "orientation": "horizontal",
    "size": [ "100% - 10px", "100%cm" ],
    "controls": [
      {
        "contoh": {
          "type": "image",
          "texture": "ui/volumetrikoff",
          "size": [ "fill", 80 ]
        }
      },
      {
        "heh": {
          "type": "panel",
          "size": [ 5, 0 ]
        }
      },
      {
        "contoh1": {
          "type": "image",
          "texture": "ui/volumetrikon",
          "size": [ "fill", 80 ]
        }
      },
      {
        "hah": {
          "type": "panel",
          "size": [ 1, 85 ]
        }
      }
    ]
  },
  "refleksi": {
    "type": "stack_panel",
    "orientation": "horizontal",
    "size": [ "100% - 10px", "100%cm" ],
    "controls": [
      {
        "contoh": {
          "type": "image",
          "texture": "ui/SSRoff",
          "size": [ "fill", 80 ]
        }
      },
      {
        "heh": {
          "type": "panel",
          "size": [ 5, 0 ]
        }
      },
      {
        "contoh1": {
          "type": "image",
          "texture": "ui/SSRon",
          "size": [ "fill", 80 ]
        }
      },
      {
        "hah": {
          "type": "panel",
          "size": [ 1, 85 ]
        }
      }
    ]
  },
  "bloom": {
    "type": "stack_panel",
    "orientation": "horizontal",
    "size": [ "100% - 10px", "100%cm" ],
    "controls": [
      {
        "contoh": {
          "type": "image",
          "texture": "ui/bloomoff",
          "size": [ "fill", 80 ]
        }
      },
      {
        "heh": {
          "type": "panel",
          "size": [ 5, 0 ]
        }
      },
      {
        "contoh1": {
          "type": "image",
          "texture": "ui/bloomon",
          "size": [ "fill", 80 ]
        }
      },
      {
        "hah": {
          "type": "panel",
          "size": [ 1, 85 ]
        }
      }
    ]
  },
  "upscaling": {
    "type": "stack_panel",
    "orientation": "horizontal",
    "size": [ "100% - 10px", "100%cm" ],
    "controls": [
      {
        "contoh": {
          "type": "image",
          "texture": "ui/bilinear",
          "size": [ "fill", 80 ]
        }
      },
      {
        "heh": {
          "type": "panel",
          "size": [ 5, 0 ]
        }
      },
      {
        "contoh1": {
          "type": "image",
          "texture": "ui/YTTA",
          "size": [ "fill", 80 ]
        }
      },
      {
        "hah": {
          "type": "panel",
          "size": [ 1, 85 ]
        }
      }
    ]
  },
  "awan": {
    "type": "stack_panel",
    "orientation": "horizontal",
    "size": [ "100% - 10px", "100%cm" ],
    "controls": [
      {
        "contoh": {
          "type": "image",
          "texture": "ui/awanlow",
          "size": [ "fill", 80 ]
        }
      },
      {
        "heh": {
          "type": "panel",
          "size": [ 5, 0 ]
        }
      },
      {
        "contoh1": {
          "type": "image",
          "texture": "ui/awanultra",
          "size": [ "fill", 80 ]
        }
      },
      {
        "hah": {
          "type": "panel",
          "size": [ 1, 85 ]
        }
      }
    ]
  },
  "ingfomin": {
    "type": "panel",
    "size": [ "100% - 12px", "300%cm" ],
    "anchor_from": "top_middle",
    "anchor_to": "top_middle",
    "controls": [
      {
        "black_background@general_section.background": {
          "anchor_from": "top_left",
          "anchor_to": "top_left",
          "offset": [ 0, 0 ],
          "size": [ "100%", "100%sm + 2px" ]
        }
      },
      {
        "ingfomintext": {
          "type": "label",
          "size": [ "100%", "default" ],
          "color": "$main_header_text_color",
          "font_type": "smooth",
          "anchor_from": "top_left",
          "anchor_to": "top_left",
          "layer": 2,
          "offset": [ 2, 0 ],
          "text": "info.raidenvisuals"
        }
      } 
    ]
  },
  "ingfospekandroidmin": {
    "ignored": "($win10_edition)",
    "type": "panel",
    "size": [ "100% - 12px", "300%cm" ],
    "anchor_from": "top_middle",
    "anchor_to": "top_middle",
    "controls": [
      {
        "black_background@general_section.background": {
          "anchor_from": "top_left",
          "anchor_to": "top_left",
          "offset": [ 0, 0 ],
          "size": [ "100%", "100%sm + 2px" ]
        }
      },
      {
        "ingfomintext": {
          "type": "label",
          "size": [ "100%", "default" ],
          "color": "$main_header_text_color",
          "font_type": "smooth",
          "anchor_from": "top_left",
          "anchor_to": "top_left",
          "layer": 2,
          "offset": [ 2, 0 ],
          "text": "info.minimumspekandroid.raidenvisuals"
        }
      } 
    ]
  },
  "ingfospekpcmin": {
    "ignored": "($is_android)",
    "type": "panel",
    "size": [ "100% - 12px", "300%cm" ],
    "anchor_from": "top_middle",
    "anchor_to": "top_middle",
    "controls": [
      {
        "black_background@general_section.background": {
          "anchor_from": "top_left",
          "anchor_to": "top_left",
          "offset": [ 0, 0 ],
          "size": [ "100%", "100%sm + 2px" ]
        }
      },
      {
        "ingfomintext": {
          "type": "label",
          "size": [ "100%", "default" ],
          "color": "$main_header_text_color",
          "font_type": "smooth",
          "anchor_from": "top_left",
          "anchor_to": "top_left",
          "layer": 2,
          "offset": [ 2, 0 ],
          "text": "info.minimumspekpc.raidenvisuals"
        }
      } 
    ]
  },
  "ingfosupportvv": {
    "type": "panel",
    "size": [ "100% - 12px", "300%cm" ],
    "anchor_from": "top_middle",
    "anchor_to": "top_middle",
    "controls": [
      {
        "black_background@general_section.background": {
          "anchor_from": "top_left",
          "anchor_to": "top_left",
          "offset": [ 0, 0 ],
          "size": [ "100%", "100%sm + 2px" ]
        }
      },
      {
        "ingfomintext": {
          "type": "label",
          "size": [ "100%", "default" ],
          "color": "$main_header_text_color",
          "font_type": "smooth",
          "anchor_from": "top_left",
          "anchor_to": "top_left",
          "layer": 2,
          "offset": [ 2, 0 ],
          "text": "info.ingfosupportvv.raidenvisuals"
        }
      } 
    ]
  },
  "momenketikavvgaksupport": {
    "type": "stack_panel",
    "orientation": "horizontal",
    "size": [ "100% - 10px", "100%cm" ],
    "controls": [
      {
        "contoh": {
          "type": "image",
          "texture": "ui/mkvvgaksupport",
          "size": [ "fill", 100 ]
        }
      },
      {
        "heh": {
          "type": "panel",
          "size": [ 5, 0 ]
        }
      }
    ]
  }
}