{"armor_hud_renderer":{"anchor_from":"left_middle","anchor_to":"left_middle","layer":2,"offset":[6,500],"renderer":"live_player_renderer","size":[17.5,17.5],"type":"custom"},"offhand_renderer":{"$offset|default":[-109,1000],"anchor_from":"bottom_middle","anchor_to":"bottom_middle","layer":2,"offset":"$offset","renderer":"live_player_renderer","size":[20,20],"type":"custom","variables":[{"$offset":[-109,1002],"requires":"($is_ios)"}]},"root_panel":{"modifications":[{"array_name":"controls","operation":"insert_front","value":{"armor_hud_renderer@hud.armor_hud_renderer":{}}},{"array_name":"controls","operation":"insert_front","value":{"offhand_renderer@hud.offhand_renderer":{}}},{"array_name":"controls","operation":"insert_front","value":{"use_item_progress_speed_renderer@hud.use_item_progress_speed_renderer":{}}}]},"use_item_progress_speed_renderer":{"$offset|default":[-75,-750],"anchor_from":"top_middle","anchor_to":"top_middle","layer":2,"offset":"$offset","renderer":"live_player_renderer","size":[17.5,17.5],"type":"custom","variables":[{"$offset":[-65,-750],"requires":"$pocket_edition"}]}}