{
  "low": {
    "cascade_bias": [ 0.0, 0.0, 0.0, 0.0 ],
    "cascade_slope_bias": [ 0.0, 0.0, 0.0, 0.0 ],
    "cascade_resolution": [ 1, 1, 1, 1 ],
    "num_cascade_levels": 1,
    "num_variable_cascade_levels": 1,
    "shadow_range": {
      "near": 0.1,
      "far": 10.0
    },
    "max_shadow_distance": 0.0,
    "cascade_range": [ 0.0, 0.0, 0.0, 0.0 ],
    "cascade_pcf_width": [ 0.0, 0.0, 0.0, 0.0 ],
    "shadow_clamp_angle": 1,
    "cloud_shadow_contribution": 1,
    "cloud_shadow_pcf_width": 1,
    "sun_shadows": false,
    "moon_shadows": false,
    "cloud_shadows": false
  },
  "medium": {
    "cascade_bias": [ 0.00010, 0.00010, 0.00010, 0.00010 ],
    "cascade_slope_bias": [ 0.00042, 0.00042, 0.00042, 0.00042 ],
    "cascade_resolution": [ 2048, 1024, 512, 512 ],
    "num_cascade_levels": 1,
    "num_variable_cascade_levels": 1,
    "shadow_range": {
      "near": 0.025,
      "far": 128.0
    },
    "max_shadow_distance": 128.0,
    "cascade_range": [ 0.1666, 0.3333, 0.5, 1.0 ],
    "cascade_pcf_width": [ 0.0001, 0.0001, 0.0001, 0.0001 ],
    "shadow_clamp_angle": 30,
    "cloud_shadow_contribution": 0.5,
    "cloud_shadow_pcf_width": 1.0,
    "sun_shadows": true,
    "moon_shadows": true,
    "cloud_shadows": true
  },
  "high": {
    "cascade_bias": [ 0.00010, 0.00010, 0.00010, 0.00010 ],
    "cascade_slope_bias": [ 0.00042, 0.00042, 0.00042, 0.00042 ],
    "cascade_resolution": [  2048, 1024, 512, 512 ],
    "num_cascade_levels": 1,
    "num_variable_cascade_levels": 1,
    "shadow_range": {
      "near": 0.025,
      "far": 128.0
    },
    "max_shadow_distance": 128.0,
    "cascade_range": [ 0.1666, 0.3333, 0.5, 1.0 ],
    "cascade_pcf_width": [ 0.0001, 0.0001, 0.0001, 0.0001 ],
    "shadow_clamp_angle": 30,
    "cloud_shadow_contribution": 0.5,
    "cloud_shadow_pcf_width": 8.0,
    "sun_shadows": true,
    "moon_shadows": true,
    "cloud_shadows": true
  },
  "ultra": {
    "cascade_bias": [ 0.00010, 0.00010, 0.00010, 0.00010 ],
    "cascade_slope_bias": [ 0.00042, 0.00042, 0.00042, 0.00042 ],
    "cascade_resolution": [ 2048, 2048, 1024, 1024 ],
    "num_cascade_levels": 1,
    "num_variable_cascade_levels": 1,
    "shadow_range": {
      "near": 0.025,
      "far": 128.0
    },
    "max_shadow_distance": 128.0,
    "cascade_range": [ 0.1666, 0.3333, 0.5, 1.0 ],
    "cascade_pcf_width": [ 0.0001, 0.0001, 0.0001, 0.0001 ],
    "shadow_clamp_angle": 30,
    "cloud_shadow_contribution": 0.5,
    "cloud_shadow_pcf_width": 8.0,
    "sun_shadows": true,
    "moon_shadows": true,
    "cloud_shadows": true
  }
}
