{
  "probe_regen": {
    "far_plane_scaling": 1.0,
    "texture_format": "R16G16B16A16_FLOAT",
    "regen_triggers": {
      "frames_delta": 600,
      "gametime_delta": 100,
      "distance_delta": 500.0,
      "sky_brightness_delta": 3.0,
      "block_brightness_delta": 16.0
    }
  },
  "ibl": {
    "num_samples": 16,
    "dimension": 128,
    "convolution_type": "mip_chain"
  },
  "ssr_enabled": true,
  "ssr": {
    "enable_gap_fill": false,
    "linear_search_step_count": 50,
    "binary_search_step_count": 10,
    "ray_step_length": 5.0,
    "ray_offset": 0.01,
    "fading_power_horizontal": 64,
    "fading_power_vertical": 64,
    "fading_distance": 1,
    "roughness_cutoff": 1,
    "roughness_fade_start": 0
  }
}