{
  "format_version": "1.21.40",
  "minecraft:point_light_settings": {
      "colors": {
        "minecraft:soul_torch": [
          0,
          255,
          255
        ],
        "minecraft:portal": "#ff00ff",
        "minecraft:soul_lantern": [
          0,
          255,
          255
        ],
        "minecraft:soul_fire": [
          0,
          255,
          255
        ],
        "minecraft:lantern": [
          255,
          200,
          0
        ],
        "minecraft:glow_lichen": [
          174,
          175,
          140
        ],
        "minecraft:redstone_torch": [
          255,
          0,
          0
        ],
        "minecraft:oxidized_copper_bulb": [
          230,
          180,
          80
        ],
        "minecraft:torch": [
          255,
          200,
          0
        ],
        "minecraft:end_rod": [
          255,
          255,
          255
        ],
        "minecraft:lit_redstone_lamp": [
          255,
          236,
          116
        ],
        "minecraft:waxed_copper_bulb": [
          230,
          180,
          80
        ],
        "minecraft:waxed_exposed_copper_bulb": [
          230,
          180,
          80
        ],
        "minecraft:waxed_oxidized_copper_bulb": [
          230,
          180,
          80
        ],
        "minecraft:waxed_weathered_copper_bulb": [
          230,
          180,
          80
        ],
        "minecraft:copper_bulb": [
          230,
          180,
          80
        ],
        "minecraft:exposed_copper_bulb": [
          230,
          180,
          80
        ],
        "minecraft:weathered_copper_bulb": [
          230,
          180,
          80
        ],
        "minecraft:fire": [
          215,
          90,
          2
        ],
        "minecraft:enchanting_table": [
          84,
          144,
          204
        ],
        "minecraft:lit_pumpkin": [
          255,
          255,
          0
        ]
      }
    }
  }