{
	"low": {
		"grid_hierarchy_radii": [8.0, 10.0, 12.0, 16.0, 20.0],
		"before_diffuse_fade_out": 0.2,
		"after_diffuse_fade_out": 0.5,
		"start_diffuse_fade_out": 10.0,
		"end_diffuse_fade_out": 16.0,
		"start_specular_fade_out": 8.0,
		"end_specular_fade_out": 12.0,
		"enable_fade_out_diffuse": true,
		"enable_fade_out_specular": true
	},
	"medium": {
		"grid_hierarchy_radii": [8.0, 10.0, 12.0, 16.0, 24.0],
		"before_diffuse_fade_out": 0.2,
		"after_diffuse_fade_out": 0.5,
		"start_diffuse_fade_out": 12.0,
		"end_diffuse_fade_out": 20.0,
		"start_specular_fade_out": 10.0,
		"end_specular_fade_out": 16.0,
		"enable_fade_out_diffuse": true,
		"enable_fade_out_specular": true
	},
	"high": {
		"grid_hierarchy_radii": [16.0, 18.0, 20.0, 24.0, 32.0],
		"before_diffuse_fade_out": 0.2,
		"after_diffuse_fade_out": 0.5,
		"start_diffuse_fade_out": 18.0,
		"end_diffuse_fade_out": 26.0,
		"start_specular_fade_out": 16.0,
		"end_specular_fade_out": 20.0,
		"enable_fade_out_diffuse": true,
		"enable_fade_out_specular": true
	},
	"ultra": {
		"grid_hierarchy_radii": [20.0, 22.0, 24.0, 64.0],
		"before_diffuse_fade_out": 0.2,
		"after_diffuse_fade_out": 0.5,
		"start_diffuse_fade_out": 22.0,
		"end_diffuse_fade_out": 32.0,
		"start_specular_fade_out": 20.0,
		"end_specular_fade_out": 24.0,
		"enable_fade_out_diffuse": true,
		"enable_fade_out_specular": true
	}
}
