{
 "format_version": "1.8.0",
 "geometry.irongolem": {
  "bones": [
   {
    "cubes": [
     {
      "origin": [
       -9,
       21,
       -6
      ],
      "size": [
       18,
       12,
       11
      ],
      "uv": [
       0,
       40
      ]
     },
     {
      "inflate": 0.5,
      "origin": [
       -4.5,
       16,
       -3
      ],
      "size": [
       9,
       5,
       6
      ],
      "uv": [
       0,
       70
      ]
     }
    ],
    "name": "body",
    "pivot": [
     0,
     31,
     0
    ]
   },
   {
    "cubes": [
     {
      "origin": [
       -4,
       33,
       -7.5
      ],
      "size": [
       8,
       10,
       8
      ],
      "uv": [
       0,
       0
      ]
     }
    ],
    "locators": {
     "lead": [
      0,
      31,
      -2
     ]
    },
    "name": "head",
    "parent": "body",
    "pivot": [
     0,
     31,
     -2
    ]
   },
   {
    "cubes": [
     {
      "origin": [
       -13,
       3.5,
       -3
      ],
      "size": [
       4,
       30,
       6
      ],
      "uv": [
       60,
       21
      ]
     }
    ],
    "name": "arm0",
    "parent": "body",
    "pivot": [
     0,
     31,
     0
    ]
   },
   {
    "cubes": [
     {
      "origin": [
       9,
       3.5,
       -3
      ],
      "size": [
       4,
       30,
       6
      ],
      "uv": [
       60,
       58
      ]
     }
    ],
    "name": "arm1",
    "parent": "body",
    "pivot": [
     0,
     31,
     0
    ]
   },
   {
    "cubes": [
     {
      "origin": [
       -7.5,
       0,
       -3
      ],
      "size": [
       6,
       16,
       5
      ],
      "uv": [
       37,
       0
      ]
     }
    ],
    "name": "leg0",
    "parent": "body",
    "pivot": [
     -4,
     13,
     0
    ]
   },
   {
    "cubes": [
     {
      "origin": [
       1.5,
       0,
       -3
      ],
      "size": [
       6,
       16,
       5
      ],
      "uv": [
       60,
       0
      ]
     }
    ],
    "mirror": true,
    "name": "leg1",
    "parent": "body",
    "pivot": [
     5,
     13,
     0
    ]
   }
  ],
  "textureheight": 128,
  "texturewidth": 128,
  "visible_bounds_height": 3,
  "visible_bounds_offset": [
   0,
   1.5,
   0
  ],
  "visible_bounds_width": 3
 }
}