{
	"format_version":"1.21.40",
	"minecraft:atmosphere_settings":{
		"description":{
			"identifier":"vedapack:basalt_raiden_atmosperics"
		},
		"sky_zenith_color":{
			"0.0":[47, 43, 51 ],
			"1.0":[40, 40, 50 ]
		},
		"sky_horizon_color":{
			"0.0":[104, 95, 112 ],
			"1.0":[100, 90, 110 ]
		},
	"rayleigh_strength":{"0.0":0.0003,"1.0":0.0005},
	"sun_mie_strength":{"0.0": 0,"1.0": 0},
	"moon_mie_strength":{"0.0": 0,"1.0": 0},
	"sun_glare_shape":{"0.0": 0,"1.0": 0},
	"horizon_blend_stops":{
	"min": {"0.0": 0,"1.0": 0},
	"start": {"0.0": 0,"1.0": 0},
	"mie_start": {"0.0": 0,"1.0": 0},
	"max": {"0.0": 1,"1.0": 1}
		}
	}
}