{
	"format_version":"1.21.40",
	"minecraft:atmosphere_settings":{
		"description":{
			"identifier":"vedapack:crimson_raiden_atmosperics"
		},
		"sky_zenith_color":{
			"0.0":[51, 3, 3 ],
			"1.0":[50, 0, 0 ]
		},
		"sky_horizon_color":{
			"0.0":[128, 53, 53 ],
			"1.0":[120, 50, 50 ]
		},
	"rayleigh_strength":{"0.0":0.0005,"1.0":0.0005},
	"sun_mie_strength":{"0.0": 0,"1.0": 0},
	"moon_mie_strength":{"0.0": 0,"1.0": 0},
	"sun_glare_shape":{"0.0": 0,"1.0": 0},
	"horizon_blend_stops":{
	"min": {"0.0": 0,"1.0": 0},
	"start": {"0.0": 0,"1.0": 0},
	"mie_start": {"0.0": 0,"1.0": 0},
	"max": {"0.0": 1,"1.0": 1}
		}
	}
}