{
	"format_version":"1.21.40",
	"minecraft:atmosphere_settings":{
		"description":{
			"identifier":"vedapack:jawa_raiden_atmosperics"
		},
		"sky_zenith_color":{
			"0.0":[14, 38, 37 ],
			"1.0":[10, 30, 30 ]
		},
		"sky_horizon_color":{
			"0.0":[27, 71, 69 ],
			"1.0":[20, 70, 60 ]
		},
	"rayleigh_strength":{"0.0":0.0005,"1.0":0.0005},
	"sun_mie_strength":{"0.0": 0,"1.0": 0},
	"moon_mie_strength":{"0.0": 0,"1.0": 0},
	"sun_glare_shape":{"0.0": 0,"1.0": 0},
	"horizon_blend_stops":{
	"min": {"0.0": 0,"1.0": 0},
	"start": {"0.0": 0,"1.0": 0},
	"mie_start": {"0.0": 0,"1.0": 0},
	"max": {"0.0": 1,"1.0": 1}
		}
	}
}