{
	"format_version":"1.21.40",
	"minecraft:atmosphere_settings":{
		"description":{
			"identifier":"vedapack:warped_raiden_atmosperics"
		},
		"sky_zenith_color":{
			"0.000000":[8, 48, 51 ],
			"1.000000":[8, 30, 30 ]
		},
		"sky_horizon_color":{
			"0.0":[22, 126, 134 ],
			"1.0":[20, 120, 130  ]
		},
		"rayleigh_strength":{"0.0":0.0005,"1.0":0.0005},
	"sun_mie_strength":{"0.0": 0,"1.0": 0},
	"moon_mie_strength":{"0.0": 0,"1.0": 0},
	"sun_glare_shape":{"0.0": 0,"1.0": 0},
	"horizon_blend_stops":{
	"min": {"0.0": 0,"1.0": 0},
	"start": {"0.0": 0,"1.0": 0},
	"mie_start": {"0.0": 0,"1.0": 0},
	"max": {"0.0": 1,"1.0": 1}
		}
	}
}