{
  "format_version": "1.21.70",
  "minecraft:client_biome": {
    "description": {
      "identifier": "hell"
    },
    "components": {
      "minecraft:fog_appearance": {
        "fog_identifier": "minecraft:fog_hell"
      },
      "minecraft:water_appearance": {
        "surface_color": "#905957"
      },
      "minecraft:ambient_sounds": {
        "addition": "ambient.nether_wastes.additions",
        "loop": "ambient.nether_wastes.loop",
        "mood": "ambient.nether_wastes.mood"
      },
      "minecraft:biome_music": {
        "music_definition": "hell"
      },
      "minecraft:atmosphere_identifier": {
        "atmosphere_identifier": "vedapack:neder_raiden_atmosperics"
      },
      "minecraft:color_grading_identifier": {
        "color_grading_identifier": "vedapack:raiden_color_grading"
      },
      "minecraft:lighting_identifier": {
        "lighting_identifier": "vedapack:neder_raiden_lighting"
      },
      "minecraft:water_identifier": {
        "water_identifier": "vedapack:gelombang_air"
      }
    }
  }
}
