{
 "namespace": "debug_screen",
  "access_button@common_buttons.light_content_button": {
    "$pressed_button_name": "button.access",
    "size": [ 20, 20 ],
    "offset": [ 20, 20 ],
    "anchor_to": "top_left",
    "anchor_from": "top_left",
    "focus_enabled": false,
    "bindings": [
    {
    "binding_name": "#access_screen_visible",
    "binding_name_override": "#visible"
    }
    ]
  },
  "special_render": {
    "type": "custom",
    "renderer": "debug_screen_renderer"
  },
  "debug_global_screen_panel": {
  "clips_children": false,
  "controls": [
    {
      "access_button@debug_screen.access_button": {}
    },
    {
      "special_render@debug_screen.special_render": {}
    },
    {
    "pack_info@debug_screen.pack_info": {}
    }
  ],
  "size": ["100%","100%"],
  "type": "panel"
 },
 "debug_screen@common.base_screen": {
  "$screen_animations": [],
  "$screen_content": "debug_screen.debug_global_screen_panel",
  "$use_loading_bars": false,
  "always_accepts_input": true,
  "is_modal": true,
  "is_showing_menu": false,
  "low_frequency_rendering": true,
  "render_game_behind": false,
  "render_only_when_topmost": false,
  "screen_draws_last": true,
  "screen_not_flushable": true,
  "send_telemetry": false,
  "should_steal_mouse": false
 },
 "pack_info": {
  "anchor_from": "bottom_right",
  "anchor_to": "bottom_right",
  "color": [ 1,1,1 ],
  "shadow": true,
  "font_scale_factor": 0.6,
  "alpha": 1,
  "text": "§l§4VEDA §bPACK §1PBR  \n§r§lWITH §4RAIDEN DEFFERED \n§rV1.5.7-Beta8 \n\n ",
  "type": "label"
 }
}