{
  "format_version": "1.10.0",
  "particle_effect": {
    "description": {
      "identifier": "minecraft:pale_oak_leaves_particle",
      "basic_render_parameters": {
        "material": "particles_opaque",
        "texture": "textures/particle/pale_oak_leaves_atlas"
      }
    },
    "components": {
      "minecraft:emitter_initialization": {
        "creation_expression": "v.fall_acc = -0.3; v.wind_acc = 10; v.curve_len = 15;"
      },
      "minecraft:emitter_rate_manual": {
        "max_particles": 2000
      },
      "minecraft:emitter_lifetime_expression": {
        "activation_expression": 1,
        "expiration_expression": 0
      },
      "minecraft:emitter_shape_box": {
        "offset": [ 0.5, -0.075, 0.5 ],
        "half_dimensions": [ 0.5, 0.0, 0.5 ],
        "direction": "outwards"
      },
      "minecraft:particle_lifetime_expression": {
        "max_lifetime": 15
      },
      "minecraft:particle_initial_spin": {
        "rotation": "math.random(0, 360)",
        "rotation_rate": "math.random(-30, 30)"
      },
      "minecraft:particle_initial_speed": [ 0.0, -0.021, 0.0 ],
      "minecraft:particle_motion_dynamic": {
        "linear_acceleration": [
          "math.cos((v.particle_age / 15) * (1000 + v.particle_random_3 * 3000)) * v.wind_acc * (v.particle_age / 15)",
          "v.fall_acc",
          "math.sin((v.particle_age / 15) * (1000 + v.particle_random_3 * 3000)) * v.wind_acc * (v.particle_age / 15)"
        ],
        "rotation_acceleration": "v.particle_random_4 > 0.5 ? -5 : 5"
      },
      "minecraft:particle_appearance_billboard": {
        "size": [
          "v.particle_random_1 > 0.5 ? 0.1 : 0.15",
          "v.particle_random_1 > 0.5 ? 0.1 : 0.15"
        ],
        "facing_camera_mode": "lookat_xyz",
        "uv": {
          "texture_width": 28,
          "texture_height": 21,
          "uv": [
            "math.floor(v.particle_random_1 * 4) * 7",
            "math.floor(v.particle_random_2 * 3) * 7"
          ],
          "uv_size": [ 7, 7 ]
        }
      },
      "minecraft:particle_motion_collision": {
        "collision_drag": 10,
        "collision_radius": 0.075,
        "expire_on_contact": true
      },
      "minecraft:particle_appearance_lighting": {},
      "minecraft:particle_appearance_tinting": {
        "color": [ 1, 1, 1, 1 ]
      }
    }
  }
}
