{
  "deferred_shading_parameters": {
    "block_light_indirect_contribution_multiplier": 0.05, //Asal 0.05
    "sky_light_indirect_contribution_multiplier": 0.08, //Asal 0.08
    "volumetric_fog_min_ambient_value": 2, //Asal 2.0
    "emissive_brightness_multiplier": 1, //efek emisiv seberapa tingkat cahaya yang diberikan warna mer
    "emissive_desaturation": 0, //Efek emisiv kilau + Dari MER hijau biar makin nyebar atau redup.
    "start_ibl_fade_light_level": 15, //15
    "end_ibl_fade_light_level": 12  //12
  }
}
