{
  "format_version": "1.21.80",
  "minecraft:lighting_settings": {
    "description": {
      "identifier": "vedapack:end_raiden_lighting"
      },
      "directional_lights": {
        "orbital": {
        "sun": {
          "illuminance": {"0.0": 100.0,"1.0": 100.0},
          "color": {"0.0": [228, 93, 255 ],"1.0": [228, 93, 255 ]}
        },
        "moon": {
          "illuminance": {"0.0": 25,"1.0": 25},
          "color": {"0.0": [228, 228, 255 ],"1.0": [228, 228, 255 ]}
        },
        "orbital_offset_degrees": {//Orbit Matahari 360 Derajat
          "0.5": 330,
          "0.75": 330,
          "0.82": 330,
          "0.93": 310,
          "0.97": 304,
          "1.0": 304,
          "0.03": 304,
          "0.07": 310,
          "0.18": 330,
        "0.25": 330,
      "0.35": 330
    }
      },
    "flash": {
      "illuminance": 10.0,
      "color": [228, 93, 255 ]
      }
    },
    "emissive": {"desaturation": 0},
      "ambient": {
        "color": "#FF00FF",
        "illuminance": 0.02
      },
      "sky": {"intensity": 1}
  }
}
