{
  "format_version": "1.21.40",//Pake format 1.21.60 Malah Ngebug njim Di Yapping Expexted Keyframe Halah.
  "minecraft:lighting_settings": {
      "description": {
          "identifier": "vedapack:raiden_lighting"//Sebagian Dari Prizma Deferred
      },
      "directional_lights": {
          "sun": {
              "illuminance": {
                "0.0": 1098.0,
                    "0.25": 200.0,
                    "0.35": 40.0,
                    "0.5": 1.0,
                    "0.65": 40.0,
                    "0.75": 200.0,
                    "1.0": 1098.0
          },
          "color": {
            "0.5": [108,31,9,255 ],
            "0.75": [255,119,0,255 ],
            "0.82": [76, 58, 15, 255 ],
            "0.93": [76, 58, 15,255 ],
            "1.0": [76, 58, 15,255 ],
            "0.07": [76, 58, 15,255 ],
            "0.18": [76, 58, 15,255 ],
            "0.25": [255,119,0,255 ],
            "0.35": [108,31,9,255 ]
          }
        },
          "moon": { 
              "illuminance":{
                "0.5": 2//Pencahayaan Cakep Dimalam Hari
              },
              "color":{
                "0.0":[ 0, 255, 0,255 ],
                "0.25":[ 114, 255, 255, 255 ],
                "0.35": [ 114, 255, 255, 2550 ],
                "0.5": [ 114, 255, 255, 255 ],
                "0.65": [ 114, 255, 255, 2550 ],
                "0.75":[ 114, 255, 255, 255 ],
                "1.0":[ 0, 255, 0, 255 ]
              }
          },
          "orbital_offset_degrees": {
      "0.5": 330,
      "0.75": 330,
      "0.82": 330,
      "0.93": 310,
      "0.97": 304,
      "1.0": 304,//Orbital Keyframe By Prizma
      "0.03": 304,
      "0.07": 310,
      "0.18": 330,
      "0.25": 330,
      "0.35": 330
    }
        },
      "emissive": {
       "desaturation": 0//Biar gak memutih efek bloom/terang nya
      },
      "ambient": {
          "illuminance": 0.07,
          "color": [127, 127, 127 ]
      }
    }
  }