{
  "format_version": "1.21.70",//Pake format 1.21.60 Malah Ngebug njim Di Yapping Expexted Keyframe Halah.
  "minecraft:lighting_settings": {
      "description": {
          "identifier": "vedapack:raiden_lighting"
      },
      "directional_lights": {
          "sun": {
              "illuminance": {
                "0.0": 70.0,
                    "0.25": 25.0,
                    "0.35": 20.0,
                    "0.5": 10.0,
                    "0.7": 10.0,
                    "0.75": 70.0,
                    "1.0": 70.0
          },
          "color": {
            "0.5": [108,31,9 ],
            "0.75": [255,119,0 ],
            "0.82": [76, 58, 15 ],
            "0.18": [76, 58, 15 ],
            "0.25": [255,119,0 ],
            "0.35": [108,31,9 ]
          }
        },
          "moon": { 
              "illuminance":{
                "0.5": 0.75//Pencahayaan Cakep Dimalam Hari
              },
              "color": [ 114, 255, 255 ]
          },
          "orbital_offset_degrees": {
      "0.5": 330,
      "0.75": 330,
      "0.82": 330,
      "0.93": 310,
      "0.97": 304,
      "1.0": 304,
      "0.03": 304,
      "0.07": 310,
      "0.18": 330,
      "0.25": 330,
      "0.35": 330 
    }
      },
      "emissive": {
       "desaturation": 0//Biar gak memutih efek bloom/terang nya
      },
      "ambient": {
        "illuminance": 0,
        "color": [255, 255, 255 ]
      },
      "sky": {
        "intensity": 0.5
    }
  }
}