{
  "format_version": "1.21.70",
  "minecraft:water_settings": {
    "format_version": "1.21.70",
    "description": {
      "identifier": "vedapack:gelombang_laut"
    },
    "particle_concentrations": {
      "chlorophyll": 0,
      "suspended_sediment": 0,
      "cdom": 0
    },
    "waves": {
      "enabled": true,
      "depth": 1,
            "frequency": 1,
            "frequency_scaling": 1.2000000476837158,
            "mix": 0.20000000298023224,
            "octaves": 28,
            "pull": 0.3799999952316284,
            "sampleWidth": 0.009999999776482582,
            "shape": 1.5,
            "speed": 2,
            "speed_scaling": 1.0299999713897705,
      "direction_increment": 80
    }
  }
}