{
  "format_version": "1.21.70",
  "minecraft:client_biome": {
    "description": {
      "identifier": "deep_frozen_ocean"
    },
    "components": {
      "minecraft:fog_appearance": {
        "fog_identifier": "minecraft:fog_deep_frozen_ocean"
      },
      "minecraft:color_grading_identifier": {
        "color_grading_identifier": "vedapack:raiden_sheesh_color_grading"
      },
      "minecraft:water_identifier": {
      "water_identifier": "vedapack:gelombang_laut"
    },
      "minecraft:water_appearance": {
        "surface_color": "#2570B5"
      }
    }
  }
}
