{
  "format_version": "1.21.70",
  "minecraft:client_biome": {
    "description": {
      "identifier": "savanna"
    },
    "components": {
      "minecraft:fog_appearance": {
        "fog_identifier": "kabut:akasia"
      },
      "minecraft:color_grading_identifier": {
        "color_grading_identifier": "vedapack:raiden_hangat_color_grading"
      },
      "minecraft:lighting_identifier": {
        "lighting_identifier": "vedapack:hangat_raiden_lighting"
      },
      "minecraft:water_appearance": {
        "surface_color": "#2C8B9C"
      }
    }
  }
}
