{
 "format_version": "1.16.100",
 "minecraft:fog_settings": {
	"description": {
	 "identifier": "kabut:cherry"
	},
	"distance": {
	 "air": {
		"fog_start": 0.92,
        "fog_end": 1.0,
        "fog_color": "#eb67ab",
        "render_distance_type": "render"
				}
			},
			"volumetric": {
						"density": {
								"air": { //Copy dari Setingan Customan Render Graphic mine imator gw.
										"max_density": 0.5,
										"zero_density_height": 99,
										"max_density_height": 64,
										"uniform": false
								},
								"water": { //Ketika didalam air
										"max_density": 0.1,
										"uniform": true //kalau mau dipisah mending false aja.
								}
						},
					"media_coefficients": {
		"air": {
			"scattering": [0.3, 0.3, 0.3], //Penyebaran
			"absorption": [0.2, 0.2, 0.2] //Penyerapan
		},
		"water": {
			"scattering": [ 0, 0.03, 2 ],
			"absorption": [ 1, 1.09, 1.03 ]
		},
		"cloud": {
			"scattering": [0.1, 0.1, 0.1],
			"absorption": [0.1, 0.1, 0.1]
			 }
		 }
		}
	}
}