{
		"format_version": "1.16.100",
		"minecraft:fog_settings": {
				"description": {
						"identifier": "kabut:kabut"
				},
				"volumetric": {
						"density": {
								"air": { //Copy dari Setingan Customan Render Graphic mine imator gw.
										"max_density": 1,
										"zero_density_height": 99,
										"max_density_height": 64,
										"uniform": false
								},
								"water": { //Ketika didalam air
										"max_density": 0.1,
										"uniform": true //kalau mau dipisah mending false aja.
								}
						},
						"media_coefficients": {
								"air": {
										"scattering": [ 0.03, 0.03, 0.03], //Penyebaran
										"absorption": [ 0, 0, 0 ] //Penyerapan
								},
								"water": {
										"scattering": [ 0, 0.03, 2 ],
										"absorption": [ 0.0, 0.09, 0.03 ]
								},
								"cloud": {
										"scattering": [0.1, 0.1, 0.1],
										"absorption": [0.01, 0.01, 0.01]
								}
						}
				}
		}
}