{  
  "horizon_blend_stops": {
   "min": {
   "0.196": 0.008,
   "0.34": 0.11, 
   "0.6": 0.027, 
   "0.675": 0.013, 
   "0.748": 0.0
   },
  "start": {
  "0.0": 0.25, 
  "0.196": 0.417, 
  "0.25": 0.213, 
  "0.34": 0.401, 
  "0.6": 0.23, 
  "0.675": 0.214, 
  "0.748": 0.199, 
  "0.817": 0.617
  },
  "mie_start": 0.0,
  "max": {
  "0.0": 0
  }
  },
  "rayleigh_strength": { //Efek bagus buat langit jadi ada ungunya tapi bakal aneh kalau berlebihan
  "0.0": 7.6,
    "0.19": 2.6, 
    "0.25": 1.6, 
    "0.3": 1.62, 
    "0.303": 1.624, 
    "0.324": 1.6249, 
    "0.6": 5, 
    "0.7" : 1.9, 
    "0.75": 1.25,
    "0.81": 2.62
  }, 
  "sun_mie_strength": { //Dari Pogy + edit
  "0.0": 10.0
  }, 
  "moon_mie_strength": { //Bulan Nya Bersinar cuy.
  "0.0": 0.0, 
  "0.25": 0.0, 
  "0.3": 0.0, 
  "0.303": 0.12, 
  "0.324": 0.5, 
  "0.6": 0.5, 
  "0.707": 0.0, 
  "0.75": 0.0 
  }, 
  "sun_glare_shape": { //Poggy?
  "0.0": 50.89,
  "0.25": 75.89,
  "0.3": 150.89,
  "0.30": 75.84,
  "0.32": 75.0,
  "0.5": 50.89,
  "0.6": 50.0,
  "0.70": 75,
  "0.75": 256,
  "0.80": 22500 
  }, 
  "moon_glare_shape": { //Seberapa besar pantulan cahaya dari bulan.
  "0.0" : 25.8,
  "0.25": 50.8,
  "0.3" : 50.8,
  "0.30": 7.8,
  "0.32": 7.0,
  "0.5" : 50.8,
  "0.6" : 14.0,
  "0.70": 50,
  "0.75": 50
  },
  "sky_zenith_color":{ //Warna SKY Zenith Atas, kalau yg horizon dibawah pewarnaan nya.
  "0.0" : "#4B6A96",                           //Siang
  "0.15": "#43618A",                          //rada Siang
  "0.20": "#334967",                         //Mau Sore
  "0.25": "#2D3036",                        //Sore udah
  "0.35": "#202227",                       //Masih Sore Dah Mau Malem
  "0.55": "#131D2B",                      //Malam
  "0.5" : "#19263B",                     //Tengah Malam
  "0.7" : "#19263B",                    //Tengah Malam
  "0.75": "#CC3A12",                   //PAGI PURPLE
  //"0.80": "#CC3A12",                  //Ayo Sekolah
  "0.80": "#334967",                 //Kepagian
  "0.95": "#59749D",                //Kepagian
  "1.0" : "#4B6A96"                //SIAAAAANGGGGGGGGGG
  }, 
  "sky_horizon_color":{ //Ray Tracing Sky Color?, Gw Sering Pake Pewarnaan langit buat Ngerender dimine imator pake langit rtx dari assets ray tracing minecraft bedrock.
  "0.0" : "#BAECFF",             //Siang TERIK
  "0.15": "#7CAEEC",            //rada Siang
  "0.2":  "#9CC2DC",           //Mau Sore
  "0.25": "#7E3C26",          //Sore udah
  "0.35": "#103251",         //Masih Sore Dah Mau Malem
  "0.55": "#344555",        //Malam
  "0.5" : "#3F576B",       //Tengah Malam
  "0.7" : "#3F576B",      //Tengah Malam
  "0.75": "#885842",     //Pagi Meng Ungu
  //"0.8":  "#885842",    //BURUAN SEKOLAH
  "0.80": "#9CC2DC",   //Kesiangan
  "0.95": "#7DB0EF",  //Mau Siang Tuan
  "1.0" : "#BAECFF"  //SIANG TERIK
  }
}