{
  "format_version": "1.21.60",
  "cascades": [
      [
          {
              "bias": 0.0,
              "has_dynamic_geometry": true,
              "has_static_geometry": true,
              "light_quantization_steps": 1800,
              "pcf_width": 0,
              "range": 0.25,
              "resolution": 2048,
              "slope_bias": 0.00001,
              "update_frequency": 2,
              "update_offset": 0
          },
          {
              "bias": 0.0,
              "has_dynamic_geometry": true,
              "has_static_geometry": true,
              "light_quantization_steps": 900,
              "pcf_width": 0,
              "range": 1,
              "resolution": 1024,
              "slope_bias": 0.00004,
              "update_frequency": 2,
              "update_offset": 0
          }
      ]
  ],
  "cloud_shadow_contribution": 0.4,
  "cloud_shadow_pcf_width": 0,
  "cloud_shadow_quantization_steps": 7200,
  "cloud_shadows": true,
  "max_shadow_distance": 128,
  "moon_shadows": true,
  "normal_offset_strength": 0.065,
  "shadow_clamp_angle": 30,
  "shadow_range": {
      "far": 128,
      "near": 0.025
  },
  "sun_shadows": true
}