{
  "low": {
    "bias": 0.001,
    "slope_bias": 0.001,
    "far_plane": 15.0,
    "near_plane": 0.1,
    "max_point_light_shadows": 4,
    "resolution": 32
  },
  "medium": {
    "bias": 0.001,
    "slope_bias": 0.001,
    "far_plane": 15.0,
    "near_plane": 0.1,
    "max_point_light_shadows": 8,
    "resolution": 64
  }, //Custom Point Light Shadow By @Veda_Raiden.
  "high": {
    "bias": 0.001,
    "slope_bias": 0.001,
    "far_plane": 15.0,
    "near_plane": 0.1,
    "max_point_light_shadows": 12,
    "resolution": 128
  },
  "ultra": {
    "bias": 0.001, //Tajam.
    "slope_bias": 0.001, //Dipertajamkan.
    "far_plane": 15.0, //Moga Gak Bergaris2.
    "near_plane": 0.1, //Say Bye To Garis garis :v
    "max_point_light_shadows": 16, //Batas Jumlah bayangan dari cahaya.
    "resolution": 256 //Resolusi Bayangan Semakin tinggi maka semakin HD!
  }
}
