
        {
            "path": "ui/start_screen.json"
        },
        {
            "path": "ui/gamma_calibration_screen.json"
        },
        {
            "path": "texts/id_ID.lang"
        },
        {
            "path": "ui/settings_screen.json"
        },
        {
            "path": "ui/YTTA.png"
        },
        {
            "path": "ui/volumetrikon.png"
        },
        {
            "path": "ui/volumetrikoff.png"
        },
        {
            "path": "ui/SSRon.png"
        },
        {
            "path": "ui/SSRoff.png"
        },
        {
            "path": "ui/shadowon.png"
        },
        {
            "path": "ui/raiden button.png"
        },
        {
            "path": "ui/raiden button glow.png"
        },
        {
            "path": "ui/not_visible_raiden_logo.png"
        },
        {
            "path": "ui/noshadow.png"
        },
        {
            "path": "ui/easily_visible_raiden_logo.png"
        },
        {
            "path": "ui/how_to_play_screen.json"
        },
        {
            "path": "ui/bloomon.png"
        },
        {
            "path": "ui/bloomoff.png"
        },
        {
            "path": "ui/bilinear.png"
        },
        {
            "path": "ui/bayangancahayaon.png"
        },
        {
            "path": "ui/bayangancahayaoff.png"
        },
        {
            "path": "ui/barely_visible_raiden_logo.png"
        },
        {
            "path": "ui/settings_sections/general_section.json"
        },
        {
            "path": "ui/settings_sections/settings_common.json"
        },