{
  "format_version": "1.21.70",
  "minecraft:water_settings": {
    "description": {
      "identifier": "vedapack:air_tenang"
    },
    "particle_concentrations": {
      "chlorophyll": 0,
      "suspended_sediment": 0,
      "cdom": 0
    },
    "waves": {
      "enabled": false,
      "frequency": 1.5,
      "octaves": 7,
      "depth": 0.025,
      "sampleWidth": 0.009999999776482582,
      "speed": 2,
      "shape": 5,
      "pull": 0.5,
      "mix": 0.2,
      "frequency_scaling": 1,
      "direction_increment": 80,
      "speed_scaling": 1
    }
  }
}