{
    "minecraft:water_settings": {
        "description": {
            "identifier": "vedapack:gelombang_laut_aman_rek"
        },
        "particle_concentrations": {
            "chlorophyll": 0.5,
            "suspended_sediment": 0.5, //Amogus
            "cdom": 1
        },
        "waves": {
            "enabled": true,
            "depth": 1,
            "frequency": 1,
            "frequency_scaling": 1.2,
            "mix": 0.2,
            "octaves": 8,
            "pull": 0.38,
            "sampleWidth": 0.01,
            "shape": 1.5,
            "speed": 2, //Kecepatan Gelombang Air
            "speed_scaling": 1.03
        }
    }
}