{
  "namespace": "how_to_play",

  "how_to_play_screen@how_to_play_common.screen_base": {
    "$selector_stack_panel": "how_to_play.how_to_play_selector_stack_panel",
    "$section_content_panels": "how_to_play.how_to_play_section_content_panels",
    "$header_safezone_control": "common_store.store_top_bar_filler",
    "$header_bar_control": "common_store.store_top_bar",
    "$is_full_screen_layout": true,
    "$fill_alpha": 1.0
  },

  "how_to_play_selector_stack_panel": {
    "type": "stack_panel",
    "anchor_from": "top_left",
    "anchor_to": "top_left",
    "orientation": "vertical",
    "$default_selector_toggle_index": 2,
    "controls": [
      {
        "how_to_play_selector_pane": {
          "type": "stack_panel",
          "controls": [
            // Make sure the $toggle_group_forced_index values match the respective enum values in HowToPlayScreenController.h
            { "getting_started_category@how_to_play_common.topic_category": { "$category": "gettingStarted" } },
            { "moving_around_button@how_to_play.moving_around_button": { "$toggle_group_forced_index": 0 } },
            { "gathering_resources_button@how_to_play.gathering_resources_button": { "$toggle_group_forced_index": 1 } },
            { "selecting_items_button@how_to_play.selecting_items_button": { "$toggle_group_forced_index": 2 } },
            { "placing_blocks_button@how_to_play.placing_blocks_button": { "$toggle_group_forced_index": 3 } },
            { "inventory_button@how_to_play.inventory_button": { "$toggle_group_forced_index": 4 } },

            { "getting_settled_category@how_to_play_common.topic_category": { "$category": "gettingSettled" } },
            { "food_button@how_to_play.food_button": { "$toggle_group_forced_index": 13 } },
            { "beds_new_button@how_to_play.beds_new_button": { "$toggle_group_forced_index": 14 } },
            { "improved_tools_button@how_to_play.improved_tools_button": { "$toggle_group_forced_index": 15 } },
            {
              "padding_1@how_to_play_common.padding": {
                "size": [ 0, 10 ]
              }
            },
            {
              "playing_together_button@how_to_play.playing_together_button": {
                "$toggle_group_forced_index": 25,
                "ignored": "$education_edition"
              }
            }
          ]
        }
      }
    ]
  },

  "how_to_play_section_content_panels": {
    "type": "stack_panel",
    "anchor_from": "top_left",
    "anchor_to": "top_left",
    "size": [ "100% - 5px", "100%c + 5px" ],
    "offset": [ 2, 0 ],
    "controls": [
      {
        "general_tips_sections": {
          "type": "stack_panel",
          "controls": [
            {
              "section_contents_header@how_to_play_common.section_contents_header": {}
            },
            { "moving_around_section@how_to_play.moving_around_section": {} },
            { "gathering_resources_section@how_to_play.gathering_resources_section": {} },
            { "selecting_items_section@how_to_play.selecting_items_section": {} },
            { "placing_blocks_section@how_to_play.placing_blocks_section": {} },
            { "inventory_section@how_to_play.inventory_section": {} },

            { "your_first_craft_section@how_to_play.your_first_craft_section": {} },
            { "recipe_book_section@how_to_play.recipe_book_section": {} },
            { "the_crafting_table_section@how_to_play.the_crafting_table_section": {} },
            { "crafting_a_tool_section@how_to_play.crafting_a_tool_section": {} },
            { "mining_section@how_to_play.mining_section": {} },

            { "nightfall_new_section@how_to_play.nightfall_new_section": {} },
            { "building_a_shelter_section@how_to_play.building_a_shelter_section": {} },
            { "death_and_respawn_section@how_to_play.death_and_respawn_section": {} },

            { "food_section@how_to_play.food_section": {} },
            { "beds_new_section@how_to_play.beds_new_section": {} },
            { "improved_tools_section@how_to_play.improved_tools_section": {} },

            { "world_builder_section@how_to_play.world_builder_section": { "ignored": "(not $education_edition)" } },
            { "permission_blocks_section@how_to_play.permission_blocks_section": { "ignored": "(not $education_edition)" } },
            { "chalkboard_section@how_to_play.chalkboard_section": { "ignored": "(not $education_edition)" } },
            { "chemistry_section@how_to_play.chemistry_section": { "ignored": "(not $education_edition)" } },
            { "npc_section@how_to_play.npc_section": { "ignored": "(not $education_edition)" } },
            { "camera_section@how_to_play.camera_section": { "ignored": "(not $education_edition)" } },
            { "portfolio_section@how_to_play.portfolio_section": { "ignored": "(not $education_edition)" } },
            { "classroom_mode_section@how_to_play.classroom_mode_section": { "ignored": "(not $education_edition)" } },
            { "code_builder_section@how_to_play.code_builder_section": { "ignored": "(not $education_edition)" } },

            { "playing_together_section@how_to_play.playing_together_section": { "ignored": "$education_edition" } },
            { "encyclopedia_section@how_to_play.encyclopedia_section": {} },
            {
              "section_contents_footer@how_to_play_common.section_contents_footer": {}
            }
          ]
        }
      }
    ]
  },
  "moving_around_button@how_to_play_common.section_toggle_button": {
    "$section_topic": "movingAround"
  },

  "moving_around_section@how_to_play_common.main_sections": {
    "bindings": [
      {
        "binding_type": "view",
        "source_control_name": "movingAround_button_toggle",
        "source_property_name": "#toggle_state",
        "target_property_name": "#visible"
      }
    ],
    "controls": [
      {
        "paragraph_1@how_to_play_common.paragraph": {
          "$text": "howtoplay.movingAround.text.1"
        }
      },
      { "padding_1@how_to_play_common.padding": {} },
      {
        "paragraph_2_keyboard@how_to_play_common.paragraph_keyboard": {
          "$text": "howtoplay.movingAround.text.2.keyboard"
        }
      },
      {
        "paragraph_2_gamepad@how_to_play_common.paragraph_gamepad": {
          "$text": "howtoplay.movingAround.text.2.gamepad"
        }
      },
      {
        "paragraph_touch_joystick_tap@how_to_play_common.paragraph_touch_no_icons": {
          "$text": "howtoplay.movingAround.text.2.touch"
        }
      },
      {
        "paragraph_2_rift_controller@how_to_play_common.paragraph_rift_controller": {
          "$text": "howtoplay.movingAround.text.2.rift_controller"
        }
      },
      {
        "paragraph_2_windowsmr_controller@how_to_play_common.paragraph_windowsmr_controller": {
          "$text": "howtoplay.movingAround.text.2.windowsmr_controller"
        }
      },
      { "padding_2@how_to_play_common.padding": {} },
      {
        "paragraph_3a_keyboard@how_to_play_common.paragraph_keyboard": {
          "$text": "howtoplay.movingAround.text.3a.keyboard"
        }
      },
      {
        "paragraph_3b_keyboard@how_to_play_common.paragraph_keyboard": {
          "$text": "howtoplay.movingAround.text.3b.keyboard"
        }
      },
      {
        "paragraph_3a_gamepad@how_to_play_common.paragraph_gamepad": {
          "$text": "howtoplay.movingAround.text.3.gamepad"
        }
      },
      {
        "paragraph_3b_gamepad@how_to_play_common.paragraph_gamepad": {
          "$text": "howtoplay.movingAround.text.3b.gamepad"
        }
      },
      {
        "paragraph_3_touch_joystick_tap@how_to_play_common.paragraph_touch_joystick_tap": {
          "$text": "howtoplay.movingAround.text.3.touch.joystick_tap"
        }
      },
      {
        "paragraph_3a_touch_classic_dpad@how_to_play_common.paragraph_touch_classic_dpad": {
          "$text": "howtoplay.movingAround.text.3a.touch.classic_dpad"
        }
      },
      {
        "paragraph_3b_touch_classic_dpad@how_to_play_common.paragraph_touch_classic_dpad": {
          "$text": "howtoplay.movingAround.text.3b.touch.classic_dpad"
        }
      },
      {
        "paragraph_3c_touch_classic_dpad@how_to_play_common.paragraph_touch_classic_dpad": {
          "$text": "howtoplay.movingAround.text.3c.touch.classic_dpad"
        }
      },
      {
        "paragraph_3d_touch_classic_dpad@how_to_play_common.paragraph_touch_classic_dpad": {
          "$text": "howtoplay.movingAround.text.3d.touch.classic_dpad"
        }
      },
      {
        "paragraph_3e_touch_classic_dpad@how_to_play_common.paragraph_touch_classic_dpad": {
          "$text": "howtoplay.movingAround.text.3e.touch.classic_dpad"
        }
      },
      {
        "paragraph_3_touch_joystick_crosshair@how_to_play_common.paragraph_touch_joystick_crosshair": {
          "$text": "howtoplay.movingAround.text.3.touch.joystick_crosshair"
        }
      },
      {
        "paragraph_3_rift_controller@how_to_play_common.paragraph_rift_controller": {
          "$text": "howtoplay.movingAround.text.3.rift_controller"
        }
      },
      {
        "paragraph_3_windowsmr_controller@how_to_play_common.paragraph_windowsmr_controller": {
          "$text": "howtoplay.movingAround.text.3.windowsmr_controller"
        }
      },
      {
        "padding_3a@how_to_play_common.padding": {
          "bindings": [
            {
              "binding_name": "(#rift_controller_being_used or #windowsmr_controller_being_used)",
              "binding_name_override": "#visible"
            }
          ]
        }
      },
      {
        "paragraph_3b_rift_controller@how_to_play_common.paragraph_rift_controller": {
          "$text": "howtoplay.movingAround.text.3b.rift_controller"
        }
      },
      {
        "paragraph_3b_windowsmr_controller@how_to_play_common.paragraph_windowsmr_controller": {
          "$text": "howtoplay.movingAround.text.3b.windowsmr_controller"
        }
      },
      {
        "image_1@how_to_play_common.image": {
          "texture": "textures/ui/welcome",
          "size": [ "100%", "200px" ]
        }
      }
    ]
  }
}
