{
	"namespace": "settings",
	"selector_stack_panel/controls_and_settings_selector_pane": {
	"modifications": [
	{
		"control_name": "video_button",
		"operation": "insert_front",
		"value": [
		{
			"raiden_button@general_section.raiden_button": {
				"$controls_section_header": "options.group.input"
			}
		}
		]
	}
	]
},
"section_content_panels/general_and_controls_sections": {
	"modifications": [
	{
		"array_name": "controls",
		"operation": "insert_back",
		"value": [
		{
			"raiden_section@general_section.raiden_section": {
				"visible": false
}
}
]
}
]
}
}