{
  "low": {
    "probe_regen": {
      "far_plane_scaling": 1.0,
      "texture_format": "R16G16B16A16_FLOAT",
      "regen_triggers": {
        "frames_delta": 600,
        "gametime_delta": 100,
        "distance_delta": 500.0,
        "sky_brightness_delta": 3.0,
        "block_brightness_delta": 16.0
      }
    },
    "ibl": {
      "num_samples": 32,
      "dimension": 128
    },
    "ssr_enabled": true,
    "ssr": {
      "enable_gap_fill": false,
      "linear_search_step_count": 100,
      "binary_search_step_count": 10,
      "ray_step_length": 5.0,
      "ray_offset": 0.01,
      "fading_power_horizontal": 3.0,
      "fading_power_vertical": 3.0,
      "fading_distance": 0.3,
      "roughness_cutoff": 0.4,
      "roughness_fade_start": 0.3
    }
  },
  "medium": {
    "probe_regen": {
      "far_plane_scaling": 1.0,
      "texture_format": "R16G16B16A16_FLOAT",
      "regen_triggers": {
        "frames_delta": 600,
        "gametime_delta": 100,
        "distance_delta": 500.0,
        "sky_brightness_delta": 3.0,
        "block_brightness_delta": 16.0
      }
    },
    "ibl": {
      "num_samples": 32,
      "dimension": 256
    },
    "ssr_enabled": true,
    "ssr": {
      "enable_gap_fill": true,
      "linear_search_step_count": 200,
      "binary_search_step_count": 10,
      "ray_step_length": 5.0,
      "ray_offset": 0.01,
      "fading_power_horizontal": 3.0,
      "fading_power_vertical": 3.0,
      "fading_distance": 0.3,
      "roughness_cutoff": 0.4,
      "roughness_fade_start": 0.3
    }
  },
  "high": {
    "probe_regen": {
      "far_plane_scaling": 1.0,
      "texture_format": "R16G16B16A16_FLOAT",
      "regen_triggers": {
        "frames_delta": 600,
        "gametime_delta": 100,
        "distance_delta": 500.0,
        "sky_brightness_delta": 3.0,
        "block_brightness_delta": 16.0
      }
    },
    "ibl": {
      "num_samples": 64,
      "dimension": 256
    },
    "ssr_enabled": true,
    "ssr": {
      "enable_gap_fill": true,
      "linear_search_step_count": 300,
      "binary_search_step_count": 15,
      "ray_step_length": 5.0,
      "ray_offset": 0.01,
      "fading_power_horizontal": 3.0,
      "fading_power_vertical": 3.0,
      "fading_distance": 0.3,
      "roughness_cutoff": 0.4,
      "roughness_fade_start": 0.3
    }
  },
  "ultra": {
    "probe_regen": {
      "far_plane_scaling": 1.0,
      "texture_format": "R16G16B16A16_FLOAT",
      "regen_triggers": {
        "frames_delta": 600,
        "gametime_delta": 100,
        "distance_delta": 500.0,
        "sky_brightness_delta": 3.0,
        "block_brightness_delta": 16.0
      }
    },
    "ibl": {
      "num_samples": 64,
      "dimension": 512
    },
    "ssr_enabled": true,
    "ssr": {
      "enable_gap_fill": true,
      "linear_search_step_count": 400,
      "binary_search_step_count": 20,
      "ray_step_length": 5.0,
      "ray_offset": 0.01,
      "fading_power_horizontal": 3.0,
      "fading_power_vertical": 3.0,
      "fading_distance": 0.3,
      "roughness_cutoff": 0.4,
      "roughness_fade_start": 0.3
    }
  }
}
