{
	"format_version": "1.16.0",
	"animations": {
		"animation.lentera.ptp": {
			"loop": true,
			"animation_length": 3,
			"bones": {
				"bone4": {
					"rotation": [0, -90, 0],
					"position": [-1.5, 0, 1.5]
				},
				"bone3": {
					"rotation": [0, -45, 0],
					"position": [-1.5, 9, 3],
					"scale": 0.75
				},
				"bone2": {
					"position": [-1, 7, 1],
					"scale": [4, 1, 4]
				},
				"lentera": {
					"rotation": [15, 0, 0],
					"position": [2, 11, 0]
				},
				"gelap3": {
					"position": [-2.5, 3, 2.5],
					"scale": {
						"1.0": [0, 0, 0],
						"1.5": {
							"pre": [0, 0, 0],
							"post": [6.01, 5, 6.01]
						}
					}
				},
				"gelap1": {
					"position": [-2.5, 3, 2.5],
					"scale": {
						"0.0": [0, 0, 0],
						"0.5": {
							"pre": [0, 0, 0],
							"post": [6.01, 5, 6.01]
						},
						"2.5": {
							"pre": [6.01, 5, 6.01],
							"post": [0, 0, 0]
						}
					}
				},
				"gelap2": {
					"position": [-2.5, 3, 2.5],
					"scale": {
						"0.5": [0, 0, 0],
						"1.0": {
							"pre": [0, 0, 0],
							"post": [6.01, 5, 6.01]
						},
						"2.0": {
							"pre": [6.01, 5, 6.01],
							"post": [0, 0, 0]
						}
					}
				}
			}
		},
		"animation.lentera.pov": {
			"loop": true,
			"animation_length": 3,
			"bones": {
				"lentera": {
					"rotation": ["c.item_slot== 'off_hand' ? -1.0 : 31.0", "c.item_slot== 'off_hand' ? 62.0 : 18.0", "c.item_slot== 'off_hand' ? -1.0 : -120.0"],
					"position": ["c.item_slot== 'off_hand' ? -27.3 : 7", "c.item_slot== 'off_hand' ? 12.4 : 20.0", "c.item_slot== 'off_hand' ? 22.4 : 3"]
				},
				"bone2": {
					"position": [-1, 7, 1],
					"scale": [4, 1, 4]
				},
				"bone3": {
					"rotation": [0, -45, 0],
					"position": [-1.5, 9, 3],
					"scale": 0.75
				},
				"bone4": {
					"rotation": [0, -90, 0],
					"position": [-1.5, 0, 1.5]
				},
				"gelap1": {
					"position": [-2.5, 3, 2.5],
					"scale": {
						"0.0": [0, 0, 0],
						"0.5": {"pre": [0, 0, 0], "post": [6.1, 5, 6.1]},
						"1.0": {"pre": [6.1, 5, 6.1], "post": [0, 0, 0]},
						"2.5": {"pre": [0, 0, 0], "post": [0, 0, 0]}
					}
				},
				"gelap2": {
					"position": [-2.5, 3, 2.5],
					"scale": {
						"0.5": [0, 0, 0],
						"1.0": {"pre": [0, 0, 0], "post": [6.01, 5, 6.01]},
						"2.0": {"pre": [6.01, 5, 6.01], "post": [0, 0, 0]}
					}
				},
				"gelap3": {
					"position": [-2.5, 3, 2.5],
					"scale": {
						"1.0": [0, 0, 0],
						"1.5": {"pre": [0, 0, 0], "post": [6.01, 5, 6.01]},
						"2.0": {"pre": [6.01, 5, 6.01], "post": [0, 0, 0]}
					}
				}
			}
		}
	}
}