{
    "minecraft:color_grading_settings": {
        "description": {
            "identifier": "vedapack:veda_color_grading"
        },
        "color_grading": {
            "midtones": {
                "offset": [0, 0, 0],    //Semakin tinggi semakin memudar kek nostalgia.
                "contrast": [ 1.75, 1.75, 1.75],  //Asalnya 1.3
                "gamma": [ 2.2, 2.2, 2.2],           // Gamma ACES dari mine imator cuy
                "gain": [1, 1, 1],
                "saturation": [1.5, 1.5, 1.5] //Asalnya 1.05
            },
            "highlights": {
                "highlightsMin": 4,        //Memungkinkan Bagian terkena sinar atau cahaya lebih berdampak.
                "contrast": [ 1.3, 1.3, 1.3], //Asalnya 1.3
                "offset": [0, 0, 0],  //gausah diapa apain.
                "gain": [1, 1, 1],
                "gamma": [ 2.2, 2.2, 2.2],          // Tes Gamma 1
                "saturation": [1.05, 1.05, 1.05] //Memungkinkan bisa memperbaiki air lebih transparan lagi.
            },
            "shadows": {
                "shadowsMax": 0.1,           //Asalnya 0.7
                "contrast": [1.7, 1.7, 1.7], // biar warna bayangan lebih dalem gitu
                "offset": [0, 0, 0],       //Filter Absurd
                "gamma": [2.2, 2.2, 2.2],
                "gain": [0.8, 0.8, 0.8], //asal 1
                "saturation": [1.15, 1.15, 1.15]    //Saturasi kalau makin naik, warna emisive jadi makin bewarna cuy.
            }
        },
        "tone_mapping": {
            "operator": "aces"             //ACES TONE MAPPING FAVORIT
        }
    }
}