{
"minecraft:pbr_fallback_settings": {
      "format_version": "1.21.40",
      "blocks": {
        "global_metalness_emissive_roughness_subsurface": [0,0,255,0]
      },
      "actors": {
        "global_metalness_emissive_roughness_subsurface": [0,0,255,0]
      },
      "particles": {
        "global_metalness_emissive_roughness_subsurface": [0,0,255,0]
      },
      "items": {
        "global_metalness_emissive_roughness_subsurface": [0,0,255,0]
      }
    },
    "emissive": {
      "desaturation": 0
    }
  }