{
  "format_version": "1.21.40",
  "minecraft:pbr_fallback_settings": {
    "blocks": {
      "global_metalness_emissive_roughness": [
        0,
        0,
        255,
        255
      ]
    },
    "actors": {
      "global_metalness_emissive_roughness": [
        0,
        0,
        255,
        255
      ]
    },
    "particles": {
      "global_metalness_emissive_roughness": [
        0,
        0,
        255,
        255
      ]
    },
    "items": {
      "global_metalness_emissive_roughness": [
        0,
        0,
        255,
        255
      ]
    }
  }
}