{
  "minecraft:color_grading_settings": {
    "format_version": "1.21.40",
    "description": {
      "identifier": "vedapack:raiden_color_grading"
    },
    "color_grading": {
      "midtones": {
        "contrast": [
          2,
          2,
          2
        ],
        "gain": [
          1,
          1,
          1
        ],
        "gamma": [
          2.5,
          2.5,
          2.5
        ],
        "offset": [
          0,
          0,
          0
        ],
        "saturation": [
          1,
          1,
          1
        ]
      },
      "highlights": {
        "enabled": false,
        "highlightsMin": 1,
        "contrast": [
          1,
          1,
          1
        ],
        "gain": [
          1,
          1,
          1
        ],
        "gamma": [
          2,
          2,
          2
        ],
        "offset": [
          0,
          0,
          0
        ],
        "saturation": [
          2,
          2,
          2
        ]
      },
      "shadows": {
        "enabled": true,
        "shadowsMax": 0,
        "contrast": [
          2,
          2,
          2
        ],
        "gain": [
          2,
          2,
          2
        ],
        "gamma": [
          1.5,
          1.5,
          1.5
        ],
        "offset": [
          0,
          0,
          0
        ],
        "saturation": [
          1,
          1,
          1
        ]
      }
    },
    "tone_mapping": {
      "operator": "hable"
    }
  }
}