{
  "format_version": "1.21.90",
  "minecraft:color_grading_settings": {
    "description": {
      "identifier": "vedapack:raiden_color_grading"
    },
    "color_grading": {
      "midtones": {
        "contrast": [
          1.2,
          1.2,
          1.2
        ],
        "gain": [
          1.2,
          1.2,
          1.2
        ],
        "gamma": [
          2.2,
          2.2,
          2.2
        ],
        "offset": [
          0,
          0,
          0
        ],
        "saturation": [
          1.1,
          1.1,
          1.1
        ]
      },
      "highlights": {
        "enabled": true,
        "highlightsMin": 20,
        "contrast": [
          1.5,
          1.5,
          1.5
        ],
        "gain": [
          0.89,
          0.89,
          0.89
        ],
        "gamma": [
          2.2,
          2.2,
          2.2
        ],
        "offset": [
          0,
          0,
          0
        ],
        "saturation": [
          1.15,
          1.15,
          1.15
        ]
      },
      "shadows": {
        "enabled": true,
        "shadowsMax": 0.40,
        "contrast": [
          1.29,
          1.29,
          1.29
        ],
        "gain": [
          1,
          1,
          1
        ],
        "gamma": [
          2.38,
          2.38,
          2.38
        ],
        "offset": [
          0,
          0,
          0
        ],
        "saturation": [
          1.22,
          1.22,
          1.22
        ]
      }
    },
    "tone_mapping": {
      "operator": "reinhard_luminance"
    }
  }
}