{
    "minecraft:color_grading_settings": {
        "description": {
            "identifier": "vedapack:default_color_grading"
        },
        "color_grading": {
            "midtones": {
                "contrast": [ 1.5, 1.5, 1.5], //Asalnya 1.3
                "gamma": [ 2, 2, 2],  // Gamma ACES dari mine imator cuy
                //"offset": [0.0, 0.0, 0.0],
                "saturation": [1.05, 1.05, 1.05]
                //"gain": [1.0, 1.0, 1.0]
            },
            "highlights": {
                "highlightsMin": 4,
                "contrast": [ 1, 1, 1], //Asalnya 1.3
                //"offset": [0.0, 0.0, 0.0],
                //"gain": [1.0, 1.0, 1.0],
                "gamma": [ 2, 2, 2], // Gamma ACES dari mine imator cuy
                "saturation": [1.05, 1.05, 1.05]
            },
            "shadows": {
                "shadowsMax": 0.1, //Asalnya 0.7
                "contrast": [2, 2, 2], // biar warna bayangan lebih dalem gitu
                //"offset": [-1, -1, -1], //Biar pewarnaan lebih jelas
                "gamma": [2.2, 2.2, 2.2], //dicoba tambahin 0.2
                "saturation": [1, 1, 1]
                //"gain": [1.0, 1.0, 1.0]
            }
        },
        "tone_mapping": {
            "operator": "aces"
        }
    }
}