{
  "format_version": "1.21.40",
  "minecraft:color_grading_settings": {
    "format_version": "1.21.40",
    "description": {
      "identifier": "vedapack:raiden_color_grading"
    },
    "color_grading": {
      "midtones": {
        "midtonesMax": 60,
        "contrast": [
          1.2,
          1.2,
          1.2
        ],
        "gain": [
          0.3,
          0.3,
          0.3
        ],
        "gamma": [
          2.5,
          2.5,
          2.5
        ],
        "offset": [
          0,
          0,
          0
        ],
        "saturation": [
          1,
          1,
          1
        ]
      },
      "highlights": {
        "highlightsMin": 15,
        "enabled": true,
        "contrast": [
          1,
          1,
          1
        ],
        "gain": [
          1.2,
          1.2,
          1.2
        ],
        "gamma": [
          2.4,
          2.4,
          2.4
        ],
        "offset": [
          0,
          0,
          0
        ],
        "saturation": [
          1.2,
          1.2,
          1.2
        ]
      },
      "shadows": {
        "enabled": true,
        "shadowsMax": 0.35,
        "contrast": [
          1.2,
          1.2,
          1.2
        ],
        "gain": [
          1.2,
          1.2,
          1.2
        ],
        "gamma": [
          2.3,
          2.3,
          2.3
        ],
        "offset": [
          0,
          0,
          0
        ],
        "saturation": [
          1,
          1,
          1
        ]
      }
    },
    "tone_mapping": {
      "operator": "reinhard_luminance"
    }
  }
}