{
  "format_version": "1.21.40",
  "minecraft:color_grading_settings": {
    "description": {
      "identifier": "vedapack:raiden_color_grading"
    },
    "color_grading": {
      "midtones": {
        "midtonesMax": 60,
        "contrast": [
          1.6,
          1.6,
          1.6
        ],
        "gain": [
          0.9,
          0.9,
          0.9
        ],
        "gamma": [
          2.2,
          2.2,
          2.2
        ],
        "offset": [
          0,
          0,
          0
        ],
        "saturation": [
          1.1,
          1.1,
          1.1
        ]
      },
      "highlights": {
        "enabled": false,
        "highlightsMin": 20,
        "contrast": [
          1.5,
          1.5,
          1.5
        ],
        "gain": [
          0.9,
          0.9,
          0.9
        ],
        "gamma": [
          2.2,
          2.2,
          2.2
        ],
        "offset": [
          0,
          0,
          0
        ],
        "saturation": [
          1.25,
          1.25,
          1.25
        ]
      },
      "shadows": {
        "enabled": true,
        "shadowsMax": 0.4,
        "contrast": [
          1.3,
          1.3,
          1.3
        ],
        "gain": [
          1,
          1,
          1
        ],
        "gamma": [
          2.38,
          2.38,
          2.38
        ],
        "offset": [
          0,
          0,
          0
        ],
        "saturation": [
          1.32,
          1.32,
          1.32
        ]
      }
    },
    "tone_mapping": {
      "operator": "reinhard_luminance"
    }
  }
}