{
 "biomes": {
 "cherry_grove": {
  "fog_identifier": "kabut:cherry"
  },
  "mesa_bryce": {
  "fog_identifier": "kabut:mesa"
  },
  "mesa_plateau_stone": {
  "fog_identifier": "kabut:mesa"
  },
  "mesa": {
  "fog_identifier": "kabut:mesa"
  }, 
  "desert": {
  "fog_identifier": "kabut:pasir"
  }, 
  "swamp": {
  "fog_identifier": "kabut:rawa"
  }, 
  "mangrove_swamp": {
  "fog_identifier": "kabut:rawa"
  }, 
 "deep_dark": {
  "fog_identifier": "kabut:kegelapan"
  },
  "jungle": {
  "fog_identifier": "kabut:rimba"
  }, 
  "jungle_edge": {
  "fog_identifier": "kabut:rimba"
  }, 
  "bamboo_jungle": {
  "fog_identifier": "kabut:bambu"
  }
 }
}