{
  "probe_regen": {
    "far_plane_scaling": 0.4,
    "texture_format": "R16G16B16A16_FLOAT",
    "regen_triggers": {
      "frames_delta": 10,
      "gametime_delta": 50,
      "distance_delta": 1,
      "sky_brightness_delta": 0,
      "block_brightness_delta": 0
    }
  },
  "ibl": {
    "num_samples": 0,
    "dimension": 0,
    "convolution_type": "mip_chain"
  },
  "ssr_enabled": true,
  "ssr": {
    "enable_gap_fill": false,
    "linear_search_step_count": 200,
    "binary_search_step_count": 0,
    "ray_step_length": 1,
    "roughness_cutoff": 0.4,
    "thickness": 0,
    "fading_distance": 1,
    "roughness_fade_start": 0,
    "ssr_scale": 0.5
  }
}