{
  "format_version": "1.21.120",
  "minecraft:local_light_settings": {
    "minecraft:torch": {
      "light_color": "#EFE39D",
      "light_type": "point_light"
    },
    "minecraft:copper_torch": {
      "light_color": "#7DEE32",
      "light_type": "point_light"
    },
    "minecraft:waxed_copper_lantern": {
      "light_color": "#223F0E",
      "light_type": "point_light"
    },
    "minecraft:waxed_exposed_copper_lantern": {
      "light_color": "#223F0E",
      "light_type": "point_light"
    },
    "minecraft:waxed_weathered_copper_lantern": {
      "light_color": "#223F0E",
      "light_type": "point_light"
    },
    "minecraft:waxed_oxidized_copper_lantern": {
      "light_color": "#223F0E",
      "light_type": "point_light"
    },
    "minecraft:copper_lantern": {
      "light_color": "#223F0E",
      "light_type": "point_light"
    },
    "minecraft:exposed_copper_lantern": {
      "light_color": "#223F0E",
      "light_type": "point_light"
    },
    "minecraft:weathered_copper_lantern": {
      "light_color": "#223F0E",
      "light_type": "point_light"
    },
    "minecraft:oxidized_copper_lantern": {
      "light_color": "#223F0E",
      "light_type": "point_light"
    },
    "minecraft:oxidized_copper_bulb": {
      "light_color": "#E6B450",
      "light_type": "static_light"
    },
    "minecraft:waxed_copper_bulb": {
      "light_color": "#E6B450",
      "light_type": "static_light"
    },
    "minecraft:waxed_exposed_copper_bulb": {
      "light_color": "#E6B450",
      "light_type": "static_light"
    },
    "minecraft:waxed_oxidized_copper_bulb": {
      "light_color": "#E6B450",
      "light_type": "static_light"
    },
    "minecraft:waxed_weathered_copper_bulb": {
      "light_color": "#E6B450",
      "light_type": "static_light"
    },
    "minecraft:copper_bulb": {
      "light_color": "#E6B450",
      "light_type": "static_light"
    },
    "minecraft:exposed_copper_bulb": {
      "light_color": "#E6B450",
      "light_type": "static_light"
    },
    "minecraft:weathered_copper_bulb": {
      "light_color": "#E6B450",
      "light_type": "static_light"
    },
    "minecraft:sea_lantern": {
      "light_color": "#DDE8E2",
      "light_type": "static_light"
    },
    "minecraft:crying_obsidian": {
      "light_color": "#2B0178",
      "light_type": "static_light"
    },
    "minecraft:glowstone": {
      "light_color": "#FBDA74",
      "light_type": "static_light"
    },
    "minecraft:portal": {
      "light_color": "#ff00ff",
      "light_type": "point_light"
    },
    "minecraft:enchanting_table": {
      "light_color": "#4AEDD1",
      "light_type": "static_light"
    },
    "minecraft:redstone_torch": {
      "light_color": "#BF2F2F",
      "light_type": "point_light"
    },
    "minecraft:end_rod": {
      "light_color": "#FFFFFF",
      "light_type": "static_light"
    },
    "minecraft:soul_torch": {
      "light_color": "#007F7F",
      "light_type": "point_light"
    },
    "minecraft:campfire": {
      "light_color": "#FFAA00",
      "light_type": "point_light"
    },
    "minecraft:soul_campfire": {
      "light_color": "#007F7F",
      "light_type": "point_light"
    },
    "minecraft:shroomlight": {
      "light_color": "#FFAA00",
      "light_type": "static_light"
    },
    "minecraft:beacon": {
      "light_color": "#FFFFFF",
      "light_type": "point_light"
    },
    "minecraft:conduit": {
      "light_color": "#007F7F",
      "light_type": "static_light"
    },
    "minecraft:lantern": {
      "light_color": "#7F733E",
      "light_type": "point_light"
    },
    "minecraft:soul_lantern": {
      "light_color": "#007F7F",
      "light_type": "point_light"
    },
    "minecraft:fire": {
      "light_color": "#FF4500",
      "light_type": "static_light"
    },
    "minecraft:lit_pumpkin": {
      "light_color": "#FFFF00",
      "light_type": "static_light"
    },
    "minecraft:lit_furnace": {
      "light_color": "#FFA500",
      "light_type": "static_light"
    },
    "minecraft:lit_redstone_lamp": {
      "light_color": "#FFFF00",
      "light_type": "static_light"
    },
    "minecraft:lit_smoker": {
      "light_color": "#FFA500",
      "light_type": "static_light"
    },
    "minecraft:lit_blast_furnace": {
      "light_color": "#FFA500",
      "light_type": "static_light"
    },
    "minecraft:candle": {
      "light_color": "#FFD27A",
      "light_type": "static_light"
    },
    "minecraft:white_candle": {
      "light_color": "#FFD27A",
      "light_type": "static_light"
    },
    "minecraft:orange_candle": {
      "light_color": "#FFD27A",
      "light_type": "static_light"
    },
    "minecraft:magenta_candle": {
      "light_color": "#FFD27A",
      "light_type": "static_light"
    },
    "minecraft:light_blue_candle": {
      "light_color": "#FFD27A",
      "light_type": "static_light"
    },
    "minecraft:yellow_candle": {
      "light_color": "#FFD27A",
      "light_type": "static_light"
    },
    "minecraft:lime_candle": {
      "light_color": "#FFD27A",
      "light_type": "static_light"
    },
    "minecraft:pink_candle": {
      "light_color": "#FFD27A",
      "light_type": "static_light"
    },
    "minecraft:gray_candle": {
      "light_color": "#FFD27A",
      "light_type": "static_light"
    },
    "minecraft:light_gray_candle": {
      "light_color": "#FFD27A",
      "light_type": "static_light"
    },
    "minecraft:cyan_candle": {
      "light_color": "#FFD27A",
      "light_type": "static_light"
    },
    "minecraft:purple_candle": {
      "light_color": "#FFD27A",
      "light_type": "static_light"
    },
    "minecraft:blue_candle": {
      "light_color": "#FFD27A",
      "light_type": "static_light"
    },
    "minecraft:brown_candle": {
      "light_color": "#FFD27A",
      "light_type": "static_light"
    },
    "minecraft:green_candle": {
      "light_color": "#FFD27A",
      "light_type": "static_light"
    },
    "minecraft:red_candle": {
      "light_color": "#FFD27A",
      "light_type": "static_light"
    },
    "minecraft:black_candle": {
      "light_color": "#FFD27A",
      "light_type": "static_light"
    },
    "minecraft:cake_with_candle": {
      "light_color": "#FFD27A",
      "light_type": "static_light"
    },
    "minecraft:lava": {
      "light_color": "#FF6A00",
      "light_type": "static_light"
    },
    "minecraft:flowing_lava": {
      "light_color": "#FF6A00",
      "light_type": "static_light"
    },
    "minecraft:lit_redstone_ore": {
      "light_color": "#7F0000",
      "light_type": "static_light"
    },
    "minecraft:lit_deepslate_redstone_ore": {
      "light_color": "#7F0000",
      "light_type": "static_light"
    },
    "minecraft:glow_lichen": {
      "light_color": "#A7FFEB",
      "light_type": "static_light"
    },
    "minecraft:respawn_anchor": {
      "light_color": "#7E00FF",
      "light_type": "static_light"
    }
  }
}
