{
    "minecraft:color_grading_settings": {
        "description": {
            "identifier": "vedapack:veda_color_grading"
        },
        "color_grading": {
            "midtones": {
                //"offset": [0, 0, 0],      //Semakin tinggi semakin memudar kek nostalgia.
                "contrast": [2, 2, 2 ],      //Asalnya 1.3
                "gamma": [2.2, 2.2, 2.2 ],   // Gamma ACES dari mine imator cuy
                //"gain": [1, 1, 1],
                "saturation": [1.05, 1.05, 1.05 ]   //Asalnya 1.05
            },
            "highlights": {
                "highlightsMin": 4,        //Memungkinkan Bagian terkena sinar atau cahaya lebih berdampak.
                "contrast": [2, 2, 2 ],    //Asalnya 1.3
                //"offset": [0, 0, 0],     //gausah diapa apain.
                //"gain": [1, 1, 1],       //Kalaudikurangi bisa bewarna yg keterangan tapi jadi menyerap.
                "gamma": [2.2, 2.2, 2.2 ],      //Warna terang semakin jelas jika di turunkan.
                "saturation": [1.05, 1.05, 1.05 ]    //Efek ketajaman Cahaya
            },
            "shadows": {
                "shadowsMax": 0.7,           //Asalnya 0.7
                "contrast": [1.5, 1.5, 1.5 ],     //biar warna bayangan lebih dalem gitu
                //"offset": [0, 0, 0],       //Filter Absurd
                "gamma": [2.2, 2.2, 2.2 ],
                //"gain": [1.1, 1.1, 1.1]         //asal 1
                "saturation": [1.05, 1.05, 1.05 ]    //Saturasi kalau makin naik, warna emisive jadi makin bewarna cuy.
            }
        },
        "tone_mapping": {
            "operator": "reinhard_luminance"             //ACES TONE MAPPING FAVORIT
        }
    }
}